Data,Otwarcie,Najwyzszy,Najnizszy,Zamkniecie,Wolumen
2012-05-11,9.50389,9.59166,8.71119,9.19906,2693.1988794432
2012-05-14,9.06819,9.06819,7.76061,7.76061,856.834733859
2012-05-15,8.1966,8.1966,6.20855,6.49622,1808.9859943248
2012-05-16,6.32176,6.32176,5.40628,5.40628,850.7507002458
2012-05-21,5.05747,5.05747,5.05747,5.05747,34.4761904748
2012-05-23,4.80461,4.80461,4.63883,4.63883,1174.2184873476
2012-05-25,5.40628,6.48744,4.88301,6.48744,993.725490156
2012-05-28,5.49346,5.49346,5.49346,5.49346,160.2128851476
2012-06-01,5.40628,5.40628,5.40628,5.40628,114.5826330486
2012-06-05,5.3975,5.3975,5.3975,5.3975,5.070028011
2012-06-06,5.38883,5.38883,5.38883,5.38883,5.070028011
2012-06-11,5.319,5.319,5.09238,5.23183,423.8543417196
2012-06-13,5.22305,5.22305,4.97897,4.97897,514.1008403154
2012-06-14,4.62137,4.88301,4.57788,4.88301,147.030812319
2012-06-15,5.05747,5.05747,5.05747,5.05747,114.5826330486
2012-06-22,5.04879,5.04879,4.80461,4.80461,344.761904748
2012-07-25,4.80461,4.80461,4.80461,4.80461,11.1540616242
2012-07-27,4.57788,4.57788,4.57788,4.57788,56.7843137232
2012-08-01,4.79583,4.79583,4.79583,4.79583,5.070028011
2012-08-02,4.79583,4.79583,4.79583,4.79583,2.0280112044
2012-08-03,4.79583,4.79583,4.79583,4.79583,1.0140056022
2012-08-21,4.78715,4.78715,4.78715,4.78715,11.1540616242
2012-09-06,4.78715,5.23183,4.78715,5.23183,1535.2044817308
2012-09-07,4.93538,6.10381,4.93538,6.10381,1361.8095237546
2012-09-10,6.53981,6.53981,6.10381,6.10381,252.4873949478
2012-09-12,6.88852,6.88852,6.88852,6.88852,5.070028011
2012-09-13,6.88852,6.88852,5.80736,6.27817,763.5462184566
2012-09-14,6.25204,6.27817,5.79859,6.27817,786.8683473072
2012-09-17,6.53981,6.53981,6.05154,6.05154,510.0448179066
2012-09-18,6.05154,6.05154,5.60687,5.60687,273.781512594
2012-09-19,5.60687,5.60687,5.27541,5.27541,432.9803921394
2012-10-11,6.27817,6.27817,6.27817,6.27817,11.1540616242
2012-10-16,6.26949,6.26949,5.80736,5.80736,142.9747899102
2012-10-26,5.40628,5.40628,5.40628,5.40628,11.1540616242
2012-10-29,5.49346,5.49346,5.49346,5.49346,171.3669467718
2012-11-05,5.755,5.755,5.755,5.755,2.0280112044
2012-11-06,5.755,5.755,5.755,5.755,5.070028011
2012-11-07,5.755,5.755,5.05747,5.05747,235.2492997104
2012-11-08,5.23183,5.23183,4.79583,4.79583,131.820728286
2012-11-09,4.88301,4.88301,4.35984,4.35984,116.610644253
2013-01-28,3.92394,3.92394,3.92394,3.92394,229.1652660972
2013-03-08,4.14189,4.14189,3.13913,3.13913,149.0588235234
2013-03-11,2.51123,2.51123,2.01419,2.14506,74.0224089606
2013-03-12,1.74397,2.09269,1.48234,1.48234,512.072829111
2013-03-13,1.42997,1.42997,1.39516,1.39516,12.1680672264
2013-03-14,1.67415,1.67415,1.56952,1.56952,31.4341736682
2013-03-15,1.56952,1.74397,1.32544,1.39516,2049.3053220462
2013-03-18,1.39516,1.39516,1.39516,1.39516,11.1540616242
2013-03-19,1.6568,1.70039,1.56952,1.70039,105.4565826288
2013-03-20,2.00551,2.00551,1.70039,1.70039,35.490196077
2013-03-21,2.17997,2.4416,2.17997,2.4416,80.1064425738
2013-03-22,2.92119,2.92119,2.35433,2.35433,58.8123249276
2013-03-25,2.62464,2.62464,2.62464,2.62464,43.6022408946
2013-03-26,3.14781,3.77562,3.14781,3.77562,783.8263305006
2013-03-27,4.52562,4.97029,3.66231,3.92394,865.9607842788
2013-03-28,3.90649,3.90649,3.13913,3.13913,513.0868347132
2013-04-02,3.05186,3.05186,2.51123,2.51123,139.9327731036
2013-04-03,2.01419,2.17997,1.61311,1.96192,551.6190475968
2013-04-04,1.96192,2.26715,1.56952,2.13638,889.2829131294
2013-04-05,1.74397,1.91833,1.5783,1.5783,733.1260503906
2013-04-08,1.5783,1.5783,1.5783,1.5783,47.6582633034
2013-04-09,1.28185,1.8922,1.28185,1.87474,163.2549019542
2013-04-10,2.13638,2.60718,2.09269,2.35433,775.714285683
2013-04-11,2.35433,2.78164,2.09269,2.78164,64.8963585408
2013-04-12,2.96478,3.48795,2.96478,3.47917,968.375350101
2013-04-15,3.91517,3.91517,3.91517,3.91517,23.3221288506
2013-04-17,3.48795,3.48795,2.4416,3.2699,366.0560223942
2013-04-23,3.26122,3.31349,3.26122,3.31349,114.5826330486
2013-04-26,2.8775,3.31349,2.61586,3.31349,160.2128851476
2013-04-30,2.61586,2.61586,2.17997,2.61586,103.4285714244
2013-05-02,2.61586,3.13913,2.61586,3.09545,274.7955181962
2013-05-08,2.61586,3.07799,2.61586,3.07799,28.3921568616
2013-05-09,2.52868,3.13913,2.52868,3.13913,293.0476190358
2013-05-10,3.66231,3.66231,3.66231,3.66231,11.1540616242
2013-05-15,2.92987,2.92987,2.34565,2.34565,103.4285714244
2013-05-20,2.79032,3.31349,2.79032,3.31349,3.0420168066
2013-05-28,3.31349,3.89771,3.31349,3.89771,124.7226890706
2013-06-07,3.88025,3.88025,3.13913,3.88025,119.6526610596
2013-07-08,3.48795,3.88025,3.48795,3.88025,119.6526610596
2013-07-09,3.13913,3.13913,2.96478,2.96478,80.1064425738
2013-07-10,2.39801,2.39801,2.39801,2.39801,22.3081232484
2013-07-22,2.00551,2.00551,2.00551,2.00551,114.5826330486
2013-07-31,1.30798,1.30798,1.30798,1.30798,573.9271708452
2013-08-01,1.56084,1.56084,1.2208,1.2208,159.1988795454
2013-08-02,1.2208,1.30798,1.2208,1.30798,326.5098039084
2013-08-05,1.32544,1.74397,1.32544,1.7353,5230.2408961476
2013-08-07,1.31676,1.31676,1.18589,1.30798,1895.1764705118
2013-08-08,1.2208,1.26439,1.2208,1.2208,1797.8319327006
2013-08-12,1.43875,1.70039,1.18589,1.69161,3555.1036413132
2013-08-14,1.39516,1.39516,1.39516,1.39516,56.7843137232
2013-08-19,1.35157,1.35157,1.35157,1.35157,344.761904748
2013-08-27,1.39516,1.67415,1.18589,1.67415,4816.52661045
2013-08-28,1.70039,1.74397,1.70039,1.7353,944.0392156482
2013-09-06,1.53471,1.83993,1.53471,1.83993,4558.9691874912
2013-09-12,1.96192,2.17997,1.70906,2.15374,3411.1148458008
2013-09-16,1.83115,2.13638,1.83115,2.13638,406.6162464822
2013-09-17,1.74397,1.74397,1.70906,1.70906,344.761904748
2013-10-09,1.96192,1.96192,1.96192,1.96192,5.070028011
2013-10-10,1.56952,1.88352,1.56952,1.88352,3440.5210082646
2013-10-11,1.96192,1.96192,1.96192,1.96192,5.070028011
2013-10-15,1.96192,2.17997,1.62188,2.17119,3784.2689074104
2013-10-16,1.87474,2.17997,1.61311,2.17997,6066.7955179626
2013-10-21,1.83115,2.17119,1.62188,2.17119,3526.7114844516
2013-10-22,1.91833,2.13638,1.91833,2.13638,126.750700275
2013-10-23,1.78756,2.13638,1.78756,2.13638,126.750700275
2013-11-07,1.74397,2.09269,1.74397,2.08401,1075.8599439342
2013-11-08,1.75265,2.10147,1.75265,2.09269,1288.8011203962
2013-11-13,1.87474,1.87474,1.87474,1.87474,114.5826330486
2013-11-18,2.00551,2.00551,2.00551,2.00551,5.070028011
2013-11-19,2.00551,2.79032,2.00551,2.79032,6530.196078168
2013-11-20,2.35433,3.17395,2.19742,3.17395,10995.876750257
2013-11-21,3.18272,3.18272,2.81645,2.81645,3342.1624648512
2013-11-22,2.27583,2.57227,2.18865,2.18865,3848.151260349
2013-11-25,2.18865,2.5636,2.13638,2.13638,1263.4509803412
2013-11-26,2.09269,2.30206,2.00551,2.00551,149.0588235234
2013-11-27,1.9706,1.9706,1.9706,1.9706,236.2633053126
2013-11-29,1.96192,2.24101,1.96192,2.24101,176.4369747828
2013-12-02,2.24101,2.24101,2.24101,2.24101,11.1540616242
2013-12-04,2.09269,2.09269,2.00551,2.00551,1949.9327730306
2013-12-05,1.97938,2.00551,1.61311,2.00551,54774.55461964
2013-12-06,1.99683,1.99683,1.74397,1.83115,586.0952380716
2013-12-09,2.03165,2.03165,2.03165,2.03165,2522.8459382736
2013-12-10,1.74397,2.03165,1.74397,2.03165,2523.8599438758
2013-12-11,2.04042,2.08401,1.74397,1.74397,8930.3473385754
2013-12-12,1.6568,1.6568,1.61311,1.61311,2522.8459382736
2013-12-13,1.52593,1.8922,1.52593,1.74397,1287.787114794
2013-12-16,1.7353,2.04042,1.61311,1.61311,628.683473364
2013-12-17,1.87474,1.87474,1.61311,1.61311,115.5966386508
2013-12-19,1.61311,1.74397,1.43875,1.74397,259.5854341632
2013-12-20,1.39516,1.39516,1.22948,1.22948,2.0280112044
2013-12-23,1.46488,1.74397,1.46488,1.74397,229.1652660972
2013-12-27,1.74397,1.74397,1.74397,1.74397,709.80392154
2014-01-02,1.91833,2.09269,1.91833,2.09269,687.4957982916
2014-01-08,1.74397,1.74397,1.6568,1.6568,22786.733892638
2014-01-09,1.61311,1.61311,1.61311,1.61311,934.9131652284
2014-01-10,1.63056,1.63056,1.63056,1.63056,114.5826330486
2014-01-14,1.53471,1.53471,1.52593,1.52593,4587.3613443528
2014-01-15,1.61311,1.63056,1.61311,1.63056,1032.2577030396
2014-01-16,1.63056,1.70039,1.63056,1.70039,3641.2941175002
2014-01-17,1.63056,1.63056,1.61311,1.61311,6926.6722686282
2014-01-20,1.58697,1.58697,1.58697,1.58697,947.0812324548
2014-01-23,1.52593,1.52593,1.51725,1.51725,5734.201680441
2014-01-27,1.53471,1.53471,1.51725,1.51725,3167.7535012728
2014-01-28,1.63934,1.74397,1.63934,1.74397,1949.9327730306
2014-01-30,1.70039,1.70039,1.70039,1.70039,1146.8403360882
2014-01-31,1.74397,1.74397,1.74397,1.74397,11.1540616242
2014-02-03,1.74397,2.09269,1.74397,1.85739,1720.7675069334
2014-02-04,2.09269,2.09269,1.83115,1.9706,848.7226890414
2014-02-05,1.96192,2.07524,1.96192,2.07524,808.1624649534
2014-02-06,2.08401,2.09269,1.94447,1.95315,2229.7983192378
2014-02-07,1.95315,1.95315,1.95315,1.95315,232.2072829038
2014-02-10,1.82248,1.95315,1.8137,1.95315,364.0280111898
2014-02-11,1.8137,1.95315,1.8137,1.95315,747.3221288214
2014-02-12,2.00551,2.23224,2.00551,2.22356,997.7815125648
2014-02-13,2.22356,2.22356,2.22356,2.22356,383.2941176316
2014-02-14,2.22356,2.22356,2.22356,2.22356,114.5826330486
2014-02-17,2.22356,2.22356,1.93579,1.95315,2066.5434172836
2014-02-18,1.93579,1.93579,1.83115,1.83115,274.7955181962
2014-02-19,1.94447,1.94447,1.82248,1.82248,2477.2156861746
2014-02-20,1.94447,1.94447,1.94447,1.94447,114.5826330486
2014-02-21,1.94447,1.94447,1.94447,1.94447,114.5826330486
2014-03-04,1.83115,1.83115,1.83115,1.83115,11467.38935528
2014-03-06,1.83115,1.84861,1.83115,1.84861,473.5406162274
2014-03-11,1.83115,1.83115,1.83115,1.83115,536.4089635638
2014-03-13,1.83115,1.83115,1.83115,1.83115,1700.4873948894
2014-03-17,1.96192,1.96192,1.96192,1.96192,56.7843137232
2014-03-18,1.83115,1.83115,1.83115,1.83115,802.0784313402
2014-03-19,1.82248,1.82248,1.82248,1.82248,573.9271708452
2014-03-24,1.83115,1.83115,1.83115,1.83115,388.3641456426
2014-03-25,1.87474,1.87474,1.87474,1.87474,114.5826330486
2014-03-26,1.83115,1.83115,1.83115,1.83115,229.1652660972
2014-03-27,1.83115,1.83115,1.83115,1.83115,114.5826330486
2014-03-31,1.83115,1.83115,1.83115,1.83115,114.5826330486
2014-04-01,1.83115,1.83115,1.83115,1.83115,229.1652660972
2014-04-02,1.83115,1.83115,1.83115,1.83115,92.2745098002
2014-04-07,1.74397,1.74397,1.74397,1.74397,872.044817892
2014-04-08,1.6568,1.6568,1.48234,1.48234,1983.3949579032
2014-04-10,1.56952,1.56952,1.56952,1.56952,975.4733893164
2014-04-15,1.59575,1.59575,1.59575,1.59575,34.4761904748
2014-04-16,1.59575,1.59575,1.59575,1.59575,963.30532209
2014-04-17,1.64802,1.64802,1.64802,1.64802,344.761904748
2014-04-23,1.52593,1.52593,1.52593,1.52593,2684.0728290234
2014-04-25,1.64802,1.75265,1.64802,1.75265,630.7114845684
2014-04-28,1.62188,1.62188,1.62188,1.62188,928.8291316152
2014-04-29,1.52593,1.52593,1.52593,1.52593,1146.8403360882
2014-05-05,1.52593,1.52593,1.52593,1.52593,1376.0056021854
2014-05-06,1.52593,1.52593,1.52593,1.52593,105.4565826288
2014-05-07,1.63934,1.96192,1.63934,1.74397,1043.4117646638
2014-05-09,1.61311,1.61311,1.52593,1.52593,986.6274509406
2014-05-14,1.52593,1.52593,1.50847,1.50847,1523.0364145044
2014-05-15,1.53471,1.63934,1.53471,1.63934,997.7815125648
2014-05-16,1.51725,1.51725,1.51725,1.51725,412.7002800954
2014-05-19,1.52593,1.52593,1.52593,1.52593,6513.9719885328
2014-05-20,1.64802,1.64802,1.64802,1.64802,114.5826330486
2014-05-26,1.51725,1.51725,1.51725,1.51725,1146.8403360882
2014-05-27,1.54338,1.84861,1.54338,1.84861,1995.5630251296
2014-06-04,1.84861,1.91833,1.63934,1.91833,3324.9243696138
2014-06-06,1.91833,2.30206,1.91833,2.25847,4931.1092434986
2014-06-13,1.78756,1.78756,1.78756,1.78756,2522.8459382736
2014-06-16,1.62188,1.62188,1.62188,1.62188,1376.0056021854
2014-06-18,1.62188,1.62188,1.56952,1.56952,1765.3837534302
2014-06-20,1.58697,1.58697,1.58697,1.58697,310.2857142732
2014-06-24,1.55206,1.68293,1.52593,1.68293,1788.7058822808
2014-06-27,1.69161,2.00551,1.69161,2.00551,1835.350139982
2014-06-30,1.96192,2.33687,1.96192,2.32819,4988.907562824
2014-07-04,1.96192,1.96192,1.87474,1.87474,1949.9327730306
2014-07-08,1.82248,2.17997,1.82248,2.17997,5848.7843134896
2014-07-09,2.13638,2.32819,2.13638,2.13638,7649.6582629968
2014-07-10,1.94447,1.94447,1.94447,1.94447,11.1540616242
2014-07-11,2.0491,2.0491,2.0491,2.0491,229.1652660972
2014-07-16,2.35433,2.61586,2.01419,2.61586,5964.3809521404
2014-07-17,2.61586,3.00827,2.17997,2.17997,4702.9579830036
2014-07-18,2.4416,2.92987,2.17997,2.92987,2835.1596637512
2014-07-22,2.99959,3.00827,2.99959,3.00827,9.1260504198
2014-07-23,3.02572,3.0344,3.02572,3.0344,1090.056022365
2014-08-13,2.0491,2.0491,2.0491,2.0491,1547.3725489572
2014-08-14,1.64802,2.35433,1.48234,1.6568,218.011204473
2014-08-18,1.98806,2.33687,1.98806,2.33687,420.812324913
2014-08-20,2.57227,2.57227,2.57227,2.57227,3.0420168066
2014-08-29,2.55482,2.55482,2.55482,2.55482,11.1540616242
2014-09-03,2.17997,2.17997,2.17997,2.17997,56.7843137232
2014-09-08,2.17119,2.17119,2.17119,2.17119,4.0560224088
2014-09-09,1.61311,1.61311,1.61311,1.61311,1706.5714285026
2014-09-15,1.74397,2.09269,1.4562,2.09269,3818.7450978852
2014-09-16,2.33687,2.33687,2.33687,2.33687,2293.6806721764
2014-09-17,2.31951,2.31951,2.31074,2.31951,734.1400559928
2014-10-20,2.09269,2.09269,2.09269,2.09269,1513.9103640846
2014-10-28,1.74397,1.74397,1.74397,1.74397,137.9047618992
2014-11-12,1.83115,1.83115,1.83115,1.83115,7971.0980388942
2014-11-14,1.59575,1.90956,1.56952,1.90956,1261.4229691368
2014-11-17,1.55206,1.55206,1.54338,1.54338,573.9271708452
2014-11-19,1.55206,1.55206,1.54338,1.54338,661.1316526344
2014-11-20,1.84861,1.84861,1.84861,1.84861,114.5826330486
2014-11-26,1.88352,2.19742,1.88352,2.19742,1777.5518206566
2014-12-15,1.76143,2.06656,1.70039,2.06656,4702.9579830036
2014-12-16,2.04042,2.04042,2.04042,2.04042,2293.6806721764
2014-12-18,1.72652,2.01419,1.72652,2.01419,568.8571428342
2015-01-20,1.61311,1.61311,1.61311,1.61311,2522.8459382736
2015-01-21,1.87474,1.87474,1.87474,1.87474,114.5826330486
2015-01-28,1.6568,1.6568,1.6568,1.6568,2063.501400477
2015-02-16,1.54338,1.54338,1.54338,1.54338,802.0784313402
2015-02-26,1.52593,1.52593,1.52593,1.52593,137.9047618992
2015-03-06,1.52593,1.52593,1.52593,1.52593,1008.935574189
2015-03-12,1.48234,1.48234,1.48234,1.48234,344.761904748
2015-03-16,1.42997,1.42997,1.42129,1.42129,1468.2801119856
2015-03-19,1.42997,1.42997,1.42997,1.42997,56.7843137232
2015-04-02,1.61311,1.61311,1.61311,1.61311,1199.5686274026
2015-04-07,1.78756,1.78756,1.78756,1.78756,298.1176470468
2015-04-10,1.6568,1.6568,1.6568,1.6568,114.5826330486
2015-04-28,1.77889,1.77889,1.77011,1.77011,1226.946778662
2015-05-08,1.77889,1.78756,1.77889,1.78756,1090.056022365
2015-05-26,1.67415,1.67415,1.5783,1.5783,2121.2997198024
2015-05-27,1.5783,1.5783,1.5783,1.5783,573.9271708452
2015-06-01,1.58697,1.58697,1.5783,1.5783,975.4733893164
2015-06-02,1.5783,1.5783,1.5783,1.5783,687.4957982916
2015-06-03,1.87474,1.87474,1.87474,1.87474,114.5826330486
2015-07-08,1.74397,1.74397,1.74397,1.74397,573.9271708452
2015-07-29,1.70039,1.70039,1.70039,1.70039,344.761904748
2015-07-30,1.70039,1.70039,1.70039,1.70039,114.5826330486
2015-07-31,1.58697,1.58697,1.52593,1.52593,1708.599439707
2015-08-13,1.52593,1.52593,1.52593,1.52593,423.8543417196
2015-08-24,1.52593,1.52593,1.48234,1.48234,2293.6806721764
2015-08-25,1.48234,1.48234,1.48234,1.48234,378.2240896206
2015-09-08,1.52593,1.52593,1.52593,1.52593,1146.8403360882
2015-09-09,1.6568,1.6568,1.6568,1.6568,916.6610643888
2015-09-11,1.61311,1.61311,1.61311,1.61311,1146.8403360882
2015-09-15,1.6568,1.6568,1.6568,1.6568,573.9271708452
2015-09-21,1.82248,2.17997,1.82248,2.17997,3774.1288513884
2015-09-22,2.4416,2.92987,2.17997,2.17997,5417.8319325546
2015-09-23,1.83993,2.17119,1.83993,2.17119,1038.3417366528
2015-09-24,2.26202,2.70718,2.26202,2.69811,164.2689075564
2015-09-25,3.22503,3.85185,3.22503,3.85185,11.1540616242
2015-10-08,3.52483,3.52483,3.52483,3.52483,2.0280112044
2015-10-09,2.82533,2.82533,2.27119,2.40738,2666.834733786
2015-10-12,2.31656,2.31656,2.31656,2.31656,131.820728286
2015-10-13,2.54367,2.54367,2.54367,2.54367,550.6050419946
2015-10-19,2.08944,2.08944,2.08944,2.08944,550.6050419946
2015-11-02,2.27119,2.27119,2.27119,2.27119,465.4285714098
2015-11-16,2.54367,2.95245,2.54367,2.62543,3427.338935436
2015-11-17,2.99791,3.1342,2.72533,2.72533,1422.6498598866
2015-11-30,2.81626,2.81626,2.71626,2.80718,3642.3081231024
2015-12-01,2.80718,3.17957,2.80718,2.80718,298.1176470468
2015-12-07,2.46192,2.46192,2.45285,2.45285,1233.0308122752
2015-12-15,2.72533,2.80718,2.31656,2.3347,1808.9859943248
2015-12-17,2.79801,3.08874,2.77079,2.77079,1334.4313724952
2015-12-18,2.77079,2.77079,2.54367,2.72533,5724.061624419
2015-12-21,2.28026,2.28026,2.28026,2.28026,1.0140056022
2015-12-22,2.46192,2.95245,2.46192,2.95245,4558.9691874912
2015-12-23,3.22503,3.87,3.22503,3.86093,1315.1652660534
2015-12-28,3.63381,3.86093,3.63381,3.86093,555.6750700056
2015-12-30,3.85185,3.85185,3.22503,3.22503,5064.957982989
2016-01-04,3.39761,3.39761,2.72533,2.72533,979.5294117252
2016-01-05,2.27119,2.72533,2.27119,2.72533,111.540616242
2016-01-07,2.72533,2.7345,2.28026,2.5346,377.2100840184
2016-01-08,2.5346,3.08874,2.5346,3.08874,1245.1988795016
2016-01-11,3.08874,3.08874,2.81626,2.81626,1449.0140055438
2016-01-13,3.08874,3.08874,3.08874,3.08874,11.1540616242
2016-01-18,3.08874,3.45215,3.08874,3.45215,3483.109243557
2016-01-19,3.27049,3.27049,3.27049,3.27049,176.4369747828
2016-01-20,3.04338,3.04338,3.04338,3.04338,165.2829131586
2016-01-22,3.08874,3.49761,3.08874,3.49761,187.591036407
2016-01-25,3.04338,3.27049,2.72533,3.27049,457.3165265922
2016-01-26,2.77987,3.1342,2.77987,2.81626,980.5434173274
2016-01-27,3.12513,3.1342,3.12513,3.1342,268.711484583
2016-02-01,3.1342,3.1342,3.1342,3.1342,550.6050419946
2016-02-02,2.9343,2.9343,2.56182,2.56182,1497.6862744494
2016-02-03,2.77079,2.77079,2.77079,2.77079,264.6554621742
2016-02-04,2.77079,2.77079,2.6345,2.6345,257.5574229588
2016-02-08,2.72533,2.76172,2.72533,2.76172,595.2212884914
2016-02-09,2.72533,2.72533,2.72533,2.72533,197.731092429
2016-02-15,2.81626,2.81626,2.81626,2.81626,197.731092429
2016-02-16,2.77987,2.77987,2.77987,2.77987,18.2521008396
2016-02-17,2.77987,2.99791,2.77987,2.99791,308.2577030688
2016-02-18,3.04338,3.27049,3.01606,3.27049,1141.7703080772
2016-02-19,3.22503,3.24318,3.1342,3.1342,754.4201680368
2016-02-22,3.17957,3.27049,3.09781,3.1342,462.3865546032
2016-02-23,3.08874,3.08874,3.08874,3.08874,517.142857122
2016-02-24,2.94338,2.94338,2.94338,2.94338,110.5266106398
2016-02-29,3.04338,3.04338,2.86162,2.95245,1056.5938374924
2016-03-01,3.08874,3.17957,2.99791,2.99791,2732.745097929
2016-03-03,2.87977,2.88894,2.77987,2.88894,1067.7478991166
2016-03-04,2.90708,2.90708,2.77987,2.77987,1114.3921568178
2016-03-07,2.77987,2.77987,2.77987,2.77987,297.1036414446
2016-03-10,2.77079,2.77079,2.77079,2.77079,330.5658263172
2016-03-11,2.67997,2.67997,2.67997,2.67997,165.2829131586
2016-03-14,2.67997,2.67997,2.67997,2.67997,330.5658263172
2016-03-15,2.81626,2.81626,2.81626,2.81626,1249.2549019104
2016-03-16,2.80718,2.80718,2.65275,2.80718,432.9803921394
2016-03-17,2.80718,3.36132,2.80718,3.36132,936.9411764328
2016-03-18,3.29771,3.29771,2.67089,3.17957,2999.4285713076
2016-03-21,2.82533,3.36132,2.82533,3.36132,1090.056022365
2016-03-22,3.16142,3.34318,3.16142,3.33401,1090.056022365
2016-03-23,3.10689,3.10689,2.84348,2.92523,1613.2829131002
2016-03-24,3.0342,3.31586,3.0342,3.31586,220.0392156774
2016-03-30,3.00699,3.00699,2.90708,2.90708,4402.8123247524
2016-03-31,2.99791,3.10689,2.99791,3.10689,1321.2492996666
2016-04-04,3.10689,3.72463,3.10689,3.36132,2709.4229690784
2016-04-05,3.37947,3.58844,3.31586,3.58844,1258.3809523302
2016-04-07,3.35225,3.54298,3.31586,3.40669,2704.3529410674
2016-04-08,3.42493,4.08804,3.27957,3.81556,8569.3613441922
2016-04-11,3.92453,4.04268,3.77917,3.77917,1458.1400559636
2016-04-12,4.03351,4.35155,4.03351,4.22434,6399.3893554842
2016-04-13,4.31516,4.34248,4.2698,4.2698,962.2913164878
2016-04-14,4.26063,4.26063,4.00629,4.25155,705.7478991312
2016-04-15,4.25155,4.27887,4.25155,4.27887,451.232492979
2016-04-18,4.34248,4.35155,4.31516,4.35155,1376.0056021854
2016-04-19,4.39692,4.9693,4.17887,4.17887,198.7450980312
2016-04-20,4.80579,4.80579,3.85185,4.2698,1298.9411764182
2016-04-21,4.66043,4.66043,4.66043,4.66043,15.210084033
2016-04-22,4.65135,4.65135,4.65135,4.65135,149.0588235234
2016-05-02,4.2698,4.2698,4.2698,4.2698,120.6666666618
2016-05-04,4.08804,4.08804,3.82463,4.08804,1244.1848738994
2016-05-05,3.82463,4.07897,3.82463,4.07897,247.4173669368
2016-05-06,3.86093,3.86093,3.86093,3.86093,654.033613419
2016-05-09,4.03351,4.03351,4.03351,4.03351,110.5266106398
2016-05-10,4.17887,4.17887,4.17887,4.17887,110.5266106398
2016-05-11,3.90639,4.00629,3.90639,3.95175,5197.7927168772
2016-05-12,3.90639,3.90639,3.90639,3.90639,151.0868347278
2016-05-13,4.24248,4.36063,3.90639,4.17887,1964.1288514614
2016-05-16,4.59682,5.39622,4.59682,5.39622,5419.859943759
2016-05-17,5.45076,5.72324,4.81486,4.81486,2337.282913071
2016-05-20,5.41437,5.44169,5.08735,5.08735,632.7394957728
2016-05-23,5.75963,5.85953,5.75963,5.85953,1526.078431311
2016-05-24,5.8051,5.8051,5.54159,5.54159,509.0308123044
2016-05-25,5.2691,5.39622,5.2691,5.39622,601.3053221046
2016-05-27,5.39622,5.75056,4.68765,5.75056,1889.0924368986
2016-05-30,5.73241,5.74149,5.72324,5.74149,491.792717067
2016-05-31,5.2691,5.2691,5.2691,5.2691,112.5546218442
2016-06-01,5.07828,5.07828,5.07828,5.07828,484.6946778516
2016-06-03,4.99652,4.99652,4.99652,4.99652,110.5266106398
2016-06-06,4.91477,4.91477,3.93361,4.35155,8903.9831929182
2016-06-07,4.08804,4.08804,4.08804,4.08804,220.0392156774
2016-06-08,4.08804,4.08804,4.08804,4.08804,220.0392156774
2016-06-09,4.13351,4.18804,4.13351,4.13351,1174.2184873476
2016-06-13,4.30609,4.30609,3.99722,3.99722,180.4929971916
2016-06-14,3.63381,3.72463,3.63381,3.72463,599.2773109002
2016-06-16,3.72463,3.99722,3.72463,3.99722,231.1932773016
2016-06-20,3.99722,4.2698,3.99722,4.2698,2302.8067225962
2016-06-21,4.04268,4.08804,3.86093,3.86093,462.3865546032
2016-06-22,3.77917,3.77917,3.7701,3.7701,363.0140055876
2016-06-23,3.86093,3.86093,3.86093,3.86093,137.9047618992
2016-06-24,4.07897,4.33331,4.07897,4.31516,490.7787114648
2016-06-29,3.95175,3.95175,3.95175,3.95175,110.5266106398
2016-06-30,4.04268,4.04268,4.04268,4.04268,131.820728286
2016-07-01,4.2698,4.65135,4.2698,4.53321,5817.3501398214
2016-07-04,4.58775,4.67857,4.58775,4.6695,446.162464968
2016-07-05,4.45145,4.45145,4.40599,4.40599,550.6050419946
2016-07-06,4.45145,4.54228,4.45145,4.54228,440.0784313548
2016-07-07,4.54228,4.55136,4.54228,4.54228,1333.417366893
2016-07-08,4.63311,4.73311,4.63311,4.73311,1461.1820727702
2016-07-11,4.7694,4.82394,4.73311,4.82394,1428.7338934998
2016-07-12,4.82394,4.82394,4.82394,4.82394,110.5266106398
2016-07-13,4.74218,4.74218,4.74218,4.74218,220.0392156774
2016-07-14,4.73311,4.82394,4.54228,4.82394,298.1176470468
2016-07-20,4.82394,4.84208,4.82394,4.84208,676.3417366674
2016-07-21,4.72394,4.72394,4.72394,4.72394,220.0392156774
2016-07-22,4.45145,5.34179,4.06083,5.17818,4340.9579830182
2016-07-25,4.81486,5.1691,4.81486,5.1691,1209.7086834246
2016-07-27,4.90569,5.13281,4.90569,5.13281,218.011204473
2016-07-28,5.13281,5.13281,5.13281,5.13281,2.0280112044
2016-07-29,5.13281,5.32354,5.13281,5.32354,220.0392156774
2016-08-01,4.82394,5.17818,4.82394,5.17818,839.5966386216
2016-08-02,5.2691,5.63241,5.2691,5.54159,2930.476190358
2016-08-03,5.54159,5.54159,5.08735,5.31447,544.5210083814
2016-08-04,5.31447,5.31447,5.31447,5.31447,5.070028011
2016-08-08,5.31447,5.45076,5.31447,5.45076,935.9271708306
2016-08-10,5.45076,5.45076,5.45076,5.45076,264.6554621742
2016-08-16,4.99652,4.99652,4.83301,4.99652,703.7198879268
2016-08-19,5.04198,5.04198,5.04198,5.04198,48.6722689056
2016-08-23,4.63311,5.00559,4.36063,4.53321,1371.9495797766
2016-08-24,4.52414,4.52414,4.52414,4.52414,401.5462184712
2016-08-26,4.19712,4.36063,3.6702,4.36063,1535.2044817308
2016-08-29,4.17887,4.53321,4.17887,4.40599,357.9439775766
2016-08-30,4.40599,4.90569,4.40599,4.90569,165.2829131586
2016-09-01,4.31516,4.31516,4.31516,4.31516,462.3865546032
2016-09-05,4.31516,4.31516,4.17887,4.2698,936.9411764328
2016-09-06,4.2698,4.2698,4.08804,4.08804,220.0392156774
2016-09-07,4.08804,4.7694,3.90639,4.7694,926.8011204108
2016-09-09,4.13351,4.13351,4.13351,4.13351,3.0420168066
2016-09-19,4.54228,4.95106,4.54228,4.95106,2201.4061623762
2016-09-20,4.81486,4.90569,4.81486,4.90569,550.6050419946
2016-09-21,4.67857,4.67857,4.67857,4.67857,220.0392156774
2016-09-22,4.45145,4.45145,4.45145,4.45145,231.1932773016
2016-09-23,4.17887,4.17887,3.97,3.97,440.0784313548
2016-09-26,4.58775,4.90569,4.58775,4.90569,2752.0112043708
2016-09-27,4.45145,4.45145,4.45145,4.45145,231.1932773016
2016-10-03,4.88755,4.88755,4.49692,4.49692,1612.268907498
2016-10-07,4.63311,4.63311,4.63311,4.63311,440.0784313548
2016-10-11,4.84208,4.84208,4.84208,4.84208,310.2857142732
2016-10-13,4.40599,4.40599,4.22434,4.22434,693.5798319048
2016-10-17,4.2698,4.2698,4.08804,4.08804,1255.3389355236
2016-10-19,4.0699,4.0699,4.0699,4.0699,220.0392156774
2016-10-21,4.0699,4.72394,4.0699,4.72394,947.0812324548
2016-10-24,4.72394,4.72394,4.41506,4.41506,1507.8263304714
2016-10-26,4.52414,4.52414,4.52414,4.52414,16.2240896352
2016-10-27,4.31516,4.31516,4.31516,4.31516,440.0784313548
2016-11-03,4.20619,4.31516,4.13351,4.31516,1342.5434173128
2016-11-04,4.2698,4.40599,4.2698,4.2698,1863.7422968436
2016-11-09,4.16073,4.34248,3.90639,4.34248,2201.4061623762
2016-11-10,4.25155,4.25155,4.06083,4.25155,594.2072828892
2016-11-15,4.33331,4.33331,4.15165,4.15165,605.3613445134
2016-11-21,4.14258,4.14258,4.14258,4.14258,440.0784313548
2016-11-24,4.09712,4.09712,4.09712,4.09712,244.3753501302
2016-11-29,3.99722,3.99722,3.99722,3.99722,440.0784313548
2016-12-01,4.10619,4.10619,4.10619,4.10619,435.0084033438
2016-12-05,4.01536,4.01536,4.01536,4.01536,18.2521008396
2016-12-07,4.02444,4.02444,4.01536,4.01536,587.1092436738
2016-12-08,4.04268,4.04268,4.04268,4.04268,303.1876750578
2016-12-12,4.2698,4.2698,4.2698,4.2698,165.2829131586
2016-12-15,4.07897,4.23341,4.04268,4.04268,2058.431372466
2016-12-19,4.08804,4.08804,3.87907,3.87907,2480.2577029812
2016-12-20,3.90639,3.90639,3.72463,3.72463,693.5798319048
2016-12-23,3.95175,3.95175,3.95175,3.95175,5.070028011
2016-12-27,3.99722,3.99722,3.99722,3.99722,5.070028011
2016-12-29,3.99722,3.99722,3.99722,3.99722,5.070028011
2016-12-30,3.85185,4.03351,3.85185,4.03351,195.7030812246
2017-01-03,4.02444,4.02444,3.90639,3.90639,330.5658263172
2017-01-05,3.90639,3.90639,3.90639,3.90639,5.070028011
2017-01-10,3.90639,3.90639,3.90639,3.90639,280.8795518094
2017-01-11,4.03351,4.81486,4.03351,4.81486,698.6498599158
2017-01-16,4.38785,4.38785,4.38785,4.38785,462.3865546032
2017-01-17,4.47867,4.6695,4.47867,4.6695,770.644257672
2017-01-18,4.46053,4.49692,4.45145,4.49692,682.4257702806
2017-01-24,4.2698,4.2698,4.2698,4.2698,606.3753501156
2017-01-25,4.36063,4.36063,4.36063,4.36063,236.2633053126
2017-01-27,4.36063,4.36063,4.25155,4.28794,836.554621815
2017-01-30,4.08804,4.08804,4.08804,4.08804,272.7675069918
2017-02-07,4.18804,4.18804,4.18804,4.18804,104.4425770266
2017-02-09,4.18804,4.18804,4.18804,4.18804,11.1540616242
2017-02-10,4.18804,4.18804,4.18804,4.18804,22.3081232484
2017-02-13,4.18804,4.50599,4.18804,4.50599,1876.9243696722
2017-02-14,4.53321,4.54228,4.50599,4.54228,1902.2745097272
2017-02-15,4.90569,5.88685,4.90569,5.63241,10125.859943569
2017-02-16,5.87768,6.09573,5.64149,5.81417,809.1764705556
2017-02-17,5.905,6.74986,5.905,6.1048,1573.7366946144
2017-02-20,6.08665,6.51367,6.02304,6.51367,746.3081232192
2017-02-22,6.5046,6.5046,6.21387,6.32284,1026.1736694264
2017-02-23,6.31377,7.24039,6.31377,7.24039,2512.7058822516
2017-02-24,7.24039,8.08526,6.52275,8.08526,4029.6582631428
2017-02-27,8.37599,8.37599,7.46751,7.5402,3423.2829130272
2017-02-28,7.35854,7.35854,7.26771,7.31308,1418.5938374778
2017-03-01,7.31308,7.31308,6.71347,6.71347,3472.969187535
2017-03-02,6.81347,6.81347,6.71347,6.71347,204.8291316444
2017-03-03,6.71347,6.81347,6.08665,6.08665,2548.1960783286
2017-03-06,6.72255,6.72255,6.72255,6.72255,308.2577030688
2017-03-07,6.72255,6.95884,6.72255,6.95884,836.554621815
2017-03-08,6.85884,6.85884,6.65904,6.65904,963.30532209
2017-03-09,6.57728,6.57728,6.57728,6.57728,313.3277310798
2017-03-10,6.36831,6.67718,6.36831,6.67718,197.731092429
2017-03-13,6.54089,6.89523,6.54089,6.89523,1173.2044817454
2017-03-14,6.72255,6.72255,6.72255,6.72255,330.5658263172
2017-03-17,6.89523,8.07619,6.89523,7.90361,1149.8823528948
2017-03-20,7.90361,7.90361,7.90361,7.90361,770.644257672
2017-03-21,8.0399,8.0399,8.0399,8.0399,715.8879551532
2017-03-22,7.24947,7.53112,7.24947,7.53112,524.2408963374
2017-03-23,7.67649,7.67649,7.31308,7.31308,554.6610644034
2017-03-24,7.13142,8.03082,6.81347,8.03082,2451.8655461196
2017-03-27,7.24039,7.24039,6.99513,7.22225,847.7086834392
2017-03-28,7.25854,7.25854,6.99513,6.99513,660.1176470322
2017-03-29,6.99513,7.31308,6.99513,7.31308,229.1652660972
2017-03-30,7.08596,7.08596,7.08596,7.08596,281.8935574116
2017-03-31,7.08596,7.89453,7.08596,7.89453,7.0980392154
2017-04-03,7.79453,7.79453,7.79453,7.79453,11.1540616242
2017-04-04,7.04059,7.17678,7.04059,7.17678,418.7843137086
2017-04-05,7.17678,7.17678,7.17678,7.17678,165.2829131586
2017-04-06,7.16771,7.26771,6.94967,7.26771,1173.2044817454
2017-04-07,7.24039,7.43122,7.24039,7.43122,889.2829131294
2017-04-10,7.34039,7.63102,7.34039,7.63102,285.9495798204
2017-04-11,7.63102,7.63102,7.63102,7.63102,120.6666666618
2017-04-12,7.6401,7.8037,7.6401,7.64927,643.893557397
2017-04-13,7.8037,7.8037,7.8037,7.8037,495.8487394758
2017-04-18,8.07619,8.07619,8.07619,8.07619,12.1680672264
2017-04-19,8.07619,8.08526,7.72185,8.08526,621.5854341486
2017-04-20,8.08526,9.69324,8.08526,9.69324,1922.5546217712
2017-04-21,10.9013,10.9013,9.99304,9.99304,110.5266106398
2017-04-24,9.90231,9.90231,9.90231,9.90231,11.1540616242
2017-04-25,8.63033,9.08457,8.5395,9.08457,1444.957983135
2017-04-26,8.90291,9.89344,8.90291,9.89344,347.8039215546
2017-04-27,9.35715,9.44768,9.17539,9.44768,1709.6134453092
2017-04-28,9.44768,9.90231,9.44768,9.90231,815.2605041688
2017-05-02,9.99304,10.7652,9.99304,9.99304,454.2745097856
2017-05-04,9.4388,9.63012,9.13003,9.48417,1596.0448178628
2017-05-05,9.81158,9.81158,9.81158,9.81158,11.1540616242
2017-05-08,9.81158,10.1745,9.81158,10.1203,982.5714285318
2017-05-09,9.99304,10.4477,9.99304,10.4477,354.90196077
2017-05-11,10.2199,10.3382,10.2199,10.2199,730.084033584
2017-05-12,10.2297,10.2297,10.2297,10.2297,110.5266106398
2017-05-15,10.1291,10.1291,10.1291,10.1291,203.8151260422
2017-05-16,8.10341,9.08457,8.08526,9.08457,3388.8067225524
2017-05-17,8.63033,9.07549,8.63033,9.07549,193.6750700202
2017-05-19,8.81208,8.81208,8.81208,8.81208,11.1540616242
2017-05-22,8.58496,8.58496,8.26702,8.26702,654.033613419
2017-05-23,8.17609,8.34877,7.94897,8.34877,410.672268891
2017-05-24,7.90361,8.17609,7.26771,7.63102,1238.1008402862
2017-05-25,7.76731,7.90361,7.72185,7.76731,947.0812324548
2017-05-26,7.72185,7.72185,7.67649,7.67649,709.80392154
2017-05-29,7.81278,7.81278,7.81278,7.81278,285.9495798204
2017-05-30,7.85814,7.85814,7.44937,7.72185,2758.095237984
2017-05-31,7.44937,7.44937,7.26771,7.35854,1667.0252100168
2017-06-01,7.35854,7.35854,7.35854,7.35854,2752.0112043708
2017-06-02,7.35854,7.35854,7.35854,7.35854,165.2829131586
2017-06-05,7.35854,7.35854,7.35854,7.35854,188.6050420092
2017-06-06,7.35854,7.44937,7.35854,7.44937,390.392156847
2017-06-07,7.35854,7.58566,7.35854,7.58566,335.6358543282
2017-06-08,7.35854,7.35854,7.35854,7.35854,84.1624649826
2017-06-09,7.35854,7.37669,7.02235,7.37669,3368.5266105084
2017-06-12,7.26771,7.61288,7.26771,7.61288,582.0392156628
2017-06-14,7.26771,7.26771,7.17678,7.17678,786.8683473072
2017-06-16,7.04059,7.04059,6.64996,6.97698,1631.5350139398
2017-06-20,6.9043,6.9043,6.9043,6.9043,204.8291316444
2017-06-21,6.67718,6.67718,6.57728,6.67718,1332.4033612908
2017-06-26,6.81347,6.81347,6.49553,6.49553,1475.378151201
2017-06-27,6.63172,6.63172,6.63172,6.63172,200.7731092356
2017-06-29,6.63172,6.63172,6.63172,6.63172,242.3473389258
2017-07-03,6.63172,6.63172,6.63172,6.63172,346.7899159524
2017-07-04,6.76801,7.26771,6.76801,7.26771,1012.9915965978
2017-07-05,7.08596,8.26702,5.905,8.26702,23802.767506043
2017-07-11,7.26771,8.08526,7.26771,8.08526,291.0196078314
2017-07-12,7.17678,7.53112,7.17678,7.53112,308.2577030688
2017-07-14,7.26771,7.26771,7.26771,7.26771,280.8795518094
2017-07-17,6.99513,6.99513,6.99513,6.99513,292.0336134336
2017-07-20,6.81347,6.81347,6.81347,6.81347,71.9943977562
2017-07-21,6.9043,6.9043,6.9043,6.9043,165.2829131586
2017-07-27,6.94967,6.94967,6.94967,6.94967,274.7955181962
2017-07-31,6.81347,6.81347,6.81347,6.81347,274.7955181962
2017-08-01,6.76801,6.76801,6.75894,6.75894,462.3865546032
2017-08-07,6.54089,6.54089,6.54089,6.54089,11.1540616242
2017-08-09,6.58635,6.58635,6.58635,6.58635,359.971988781
2017-08-10,6.85884,7.26771,6.85884,7.26771,1101.2100839892
2017-08-11,7.29493,7.44029,7.26771,7.44029,1899.2324929206
2017-08-16,7.44937,8.9392,7.18596,7.55834,3670.700279964
2017-08-17,7.51298,7.55834,7.26771,7.55834,834.5266106106
2017-08-18,7.17678,7.49483,7.17678,7.49483,505.9887954978
2017-08-21,7.26771,7.26771,7.26771,7.26771,296.0896358424
2017-08-24,6.99513,7.34039,6.99513,7.34039,632.7394957728
2017-08-29,7.36761,8.0399,7.36761,7.90361,2835.1596637512
2017-08-30,7.58566,7.99443,7.58566,7.63102,332.5938375216
2017-09-01,7.35854,7.63102,7.26771,7.63102,1525.0644257088
2017-09-04,7.31308,7.5402,7.31308,7.5402,501.932773089
2017-09-05,7.98536,7.99443,7.35854,7.99443,781.7983192962
2017-09-07,7.44937,7.69463,7.34039,7.48566,495.8487394758
2017-09-08,7.52205,7.72185,7.34947,7.34947,1983.3949579032
2017-09-11,7.44937,7.44937,7.4039,7.44937,342.7338935436
2017-09-12,7.44937,7.44937,7.44937,7.44937,178.4649859872
2017-09-18,7.44937,7.44937,7.44937,7.44937,201.7871148378
2017-09-29,7.44937,7.44937,7.44937,7.44937,5.070028011
2017-10-02,7.34947,7.34947,7.17678,7.17678,104.4425770266
2017-10-05,7.49483,7.49483,7.49483,7.49483,11.1540616242
2017-10-09,7.17678,7.17678,7.17678,7.17678,274.7955181962
2017-10-10,7.26771,7.4039,6.63172,7.4039,610.4313725244
2017-10-11,7.17678,7.41298,7.17678,7.17678,709.80392154
2017-10-12,7.17678,7.17678,7.17678,7.17678,274.7955181962
2017-10-13,7.41298,7.41298,7.41298,7.41298,11.1540616242
2017-10-16,7.17678,7.17678,7.17678,7.17678,274.7955181962
2017-10-17,7.41298,7.41298,7.41298,7.41298,5.070028011
2017-10-18,7.41298,7.41298,6.99513,6.99513,1258.3809523302
2017-10-20,6.99513,6.99513,6.99513,6.99513,319.411764693
2017-10-23,6.99513,6.99513,6.99513,6.99513,231.1932773016
2017-10-24,6.87698,6.96791,6.87698,6.96791,502.9467786912
2017-10-26,6.76801,6.99513,6.76801,6.85884,351.8599439634
2017-10-27,6.85884,6.85884,6.35924,6.58635,1133.6582632596
2017-11-03,6.58635,6.58635,6.58635,6.58635,7.0980392154
2017-11-06,6.3047,6.58635,6.28655,6.58635,594.2072828892
2017-11-07,6.17748,6.99513,6.06851,6.9043,1225.9327730598
2017-11-08,6.26841,6.26841,6.26841,6.26841,165.2829131586
2017-11-13,6.47728,6.81347,6.47728,6.81347,2091.8935573386
2017-11-14,6.61357,6.61357,6.31377,6.31377,553.6470588012
2017-11-15,6.26841,6.26841,5.01467,5.75056,1507.8263304714
2017-11-16,5.47798,5.75963,5.35993,5.75963,2581.6582632012
2017-11-20,5.2691,5.48705,5.22364,5.48705,457.3165265922
2017-11-24,5.48705,5.48705,5.48705,5.48705,36.5042016792
2017-11-27,5.24179,5.48705,5.22364,5.48705,330.5658263172
2017-11-28,5.22364,5.22364,5.08735,5.08735,794.9803921248
2017-11-29,5.24179,5.35993,5.24179,5.35993,581.0252100606
2017-11-30,5.22364,5.22364,5.22364,5.22364,622.5994397508
2017-12-01,5.45076,5.45076,5.45076,5.45076,11.1540616242
2017-12-07,5.19642,5.19642,5.19642,5.19642,258.571428561
2017-12-08,5.24179,5.81417,5.24179,5.81417,423.8543417196
2017-12-11,5.37808,5.49622,5.37808,5.49622,743.2661064126
2017-12-18,5.41437,5.41437,5.41437,5.41437,594.2072828892
2017-12-19,5.22364,5.30539,5.22364,5.30539,561.7591036188
2017-12-21,5.29632,5.29632,5.29632,5.29632,3880.5994396194
2017-12-22,5.2691,5.30539,5.2691,5.30539,18825.014004843
2017-12-27,5.08735,5.30539,5.07828,5.07828,3152.5434172398
2017-12-29,5.17818,5.30539,5.17818,5.30539,3256.9859942664
2018-01-03,5.2691,5.2691,5.2691,5.2691,1007.9215685868
2018-01-04,5.45076,6.54089,5.45076,6.22294,2554.2801119418
2018-01-10,6.17748,6.17748,6.17748,6.17748,329.551820715
2018-01-11,5.54159,6.13212,5.49622,6.13212,1981.3669466988
2018-01-15,6.13212,6.13212,6.13212,6.13212,25.350140055
2018-01-22,6.17748,7.04059,6.17748,6.85884,2752.0112043708
2018-01-23,6.31377,6.31377,6.31377,6.31377,165.2829131586
2018-01-26,6.35924,6.35924,6.35924,6.35924,471.512605023
2018-01-29,6.35924,6.35924,6.35924,6.35924,110.5266106398
2018-01-30,6.31377,6.31377,6.31377,6.31377,88.2184873914
2018-01-31,6.31377,6.31377,6.17748,6.17748,137.9047618992
2018-02-01,5.905,6.31377,4.81486,5.99582,1735.9775909664
2018-02-05,5.95036,6.26841,5.95036,6.17748,757.4621848434
2018-02-06,5.95036,6.17748,4.99652,5.76871,1121.4901960332
2018-02-07,5.76871,6.17748,5.76871,5.76871,220.0392156774
2018-02-08,6.13212,6.13212,6.13212,6.13212,303.1876750578
2018-02-12,6.13212,6.13212,4.90569,6.08665,1272.577030761
2018-02-15,5.76871,6.08665,4.63311,4.99652,3911.0196076854
2018-02-16,4.99652,5.45076,4.99652,5.45076,743.2661064126
2018-02-19,5.17818,5.17818,5.17818,5.17818,36.5042016792
2018-02-20,5.22364,6.04129,5.22364,5.58705,1349.6414565282
2018-02-22,5.13281,5.2691,5.13281,5.2691,203.8151260422
2018-02-26,4.99652,5.2691,4.99652,5.2691,18.2521008396
2018-03-06,4.95106,4.95106,4.95106,4.95106,214.9691876664
2018-03-07,4.86023,5.04198,4.72394,4.81486,614.4873949332
2018-03-08,4.81486,5.54159,4.54228,4.99652,8920.2072825534
2018-03-09,4.7694,4.90569,4.54228,4.63311,1050.5098038792
2018-03-12,4.63311,4.81486,4.58775,4.58775,1285.7591035896
2018-03-13,4.54228,4.81486,4.54228,4.81486,1268.5210083522
2018-03-16,4.50599,4.63311,3.63381,4.41506,5270.8011202356
2018-03-20,4.12443,4.12443,3.72463,4.0699,1973.2549018812
2018-03-21,4.05175,4.05175,4.05175,4.05175,11.1540616242
2018-03-23,3.81556,4.03351,3.79732,4.03351,682.4257702806
2018-03-26,3.99722,4.03351,3.99722,4.01536,738.1960784016
2018-03-27,4.03351,4.25155,4.03351,4.25155,1348.627450926
2018-04-03,4.23341,4.23341,4.23341,4.23341,54.7563025188
2018-04-09,4.21526,4.21526,4.21526,4.21526,852.7787114502
2018-04-12,3.96092,4.08804,3.72463,4.08804,346.7899159524
2018-04-16,3.72463,3.99722,3.72463,3.99722,71.9943977562
2018-04-17,3.72463,3.99722,3.72463,3.99722,48.6722689056
2018-04-20,3.72463,3.74288,3.72463,3.74288,390.392156847
2018-04-23,3.74288,3.99722,3.74288,3.99722,280.8795518094
2018-05-14,3.87,4.08804,3.72463,3.81556,934.9131652284
2018-05-18,3.56112,3.56112,2.96162,2.96162,2337.282913071
2018-05-21,2.97977,3.36132,2.54367,3.36132,1895.1764705118
2018-05-22,2.67089,2.67089,2.67089,2.67089,380.252100825
2018-05-23,2.58006,2.58006,2.48914,2.48914,1012.9915965978
2018-05-24,2.54367,2.94338,2.54367,2.94338,1183.3445377674
2018-05-25,2.74357,2.97977,2.74357,2.90708,2906.1400559052
2018-05-28,2.96162,3.10689,2.96162,3.10689,390.392156847
2018-05-29,3.10689,3.28864,2.88894,3.28864,3335.0644256358
2018-05-30,3.27049,3.27049,3.27049,3.27049,16.2240896352
2018-06-01,3.07059,3.07059,3.07059,3.07059,185.5630252026
2018-06-04,3.07059,3.12513,2.67089,3.12513,5770.7058821202
2018-06-05,3.12513,3.27049,3.12513,3.27049,357.9439775766
2018-06-11,3.32493,3.32493,3.32493,3.32493,16.2240896352
2018-06-13,3.27049,3.27049,3.27049,3.27049,110.5266106398
2018-07-02,3.08874,3.30679,3.08874,3.30679,341.7198879414
2018-07-05,2.92523,3.14328,2.92523,3.14328,99.3725490156
2018-07-06,2.92523,2.92523,2.92523,2.92523,351.8599439634
2018-07-09,2.96162,3.12513,2.96162,3.12513,369.0980392008
2018-07-16,2.97977,3.12513,2.90708,3.12513,3693.0084032124
2018-07-18,2.94338,3.10689,2.87069,3.10689,3460.8011203086
2018-07-19,2.94338,3.07059,2.94338,3.07059,368.0840335986
2018-07-24,2.87069,2.99791,2.87069,2.99791,11.1540616242
2018-07-26,3.07059,3.07059,3.07059,3.07059,22.3081232484
2018-07-31,2.88894,3.07059,2.87069,3.07059,1754.229691806
2018-08-06,2.87069,3.05245,2.87069,3.05245,710.8179271422
2018-08-16,2.79801,3.2341,2.59821,3.14328,5838.6442574676
2018-08-17,3.0342,3.0342,3.0342,3.0342,363.0140055876
2018-08-20,3.14328,3.16142,2.94338,3.16142,159.1988795454
2018-08-21,3.14328,3.21596,2.94338,3.21596,1134.6722688618
2018-08-22,3.08874,4.32424,3.08874,4.32424,134892.15125506
2018-08-23,4.2698,4.2698,3.50669,3.63381,9670.5714281814
2018-08-24,3.79732,4.23341,3.74288,4.23341,1170.1624649388
2018-08-27,4.03351,4.81486,4.03351,4.2698,5250.5210081916
2018-08-30,4.10619,4.10619,4.10619,4.10619,212.941176462
2018-08-31,4.17887,4.17887,4.17887,4.17887,1101.2100839892
2018-09-03,4.23341,4.37877,4.17887,4.28794,1276.6330531698
2018-09-04,4.19712,4.50599,4.17887,4.2698,1947.9047618262
2018-09-10,4.14258,4.14258,4.14258,4.14258,253.50140055
2018-09-11,4.14258,4.23341,4.14258,4.23341,1668.039215619
2018-09-12,4.14258,4.14258,3.99722,3.99722,258.571428561
2018-09-13,4.10619,4.28794,4.10619,4.28794,489.7647058626
2018-09-17,4.17887,4.23341,4.17887,4.23341,1031.2436974374
2018-09-18,3.99722,4.25155,3.99722,4.25155,759.4901960478
2018-09-19,4.36063,4.36063,4.36063,4.36063,90.2464985958
2018-09-24,4.16073,4.16073,3.65205,4.0699,5960.3249297316
2018-09-26,3.87,3.87,3.87,3.87,208.8851540532
2018-09-27,3.92453,4.0699,3.92453,4.0699,523.2268907352
2018-09-28,4.2698,4.2698,4.2698,4.2698,94.3025210046
2018-10-04,3.97907,3.97907,3.97907,3.97907,197.731092429
2018-10-10,3.79732,3.79732,3.79732,3.79732,269.7254901852
2018-10-16,3.83371,3.83371,3.83371,3.83371,264.6554621742
2018-10-17,3.63381,3.63381,3.63381,3.63381,610.4313725244
2018-10-18,3.68834,3.68834,3.68834,3.68834,354.90196077
2018-10-22,3.17957,3.17957,3.17957,3.17957,6182.3921566134
2018-10-23,2.99791,2.99791,2.99791,2.99791,252.4873949478
2018-10-24,3.0342,3.0342,3.0342,3.0342,297.1036414446
2018-10-26,3.0342,3.0342,3.0342,3.0342,87.2044817892
2018-10-29,3.19781,3.19781,3.19781,3.19781,324.481792704
2018-10-30,3.41576,3.41576,3.41576,3.41576,385.322128836
2018-11-14,3.27049,3.27049,3.27049,3.27049,71.9943977562
2018-11-20,3.45215,3.48844,3.45215,3.48844,387.3501400404
2018-11-29,3.45215,3.45215,3.45215,3.45215,29.4061624638
2018-12-03,3.32493,3.32493,3.32493,3.32493,880.1568627096
2018-12-04,3.63381,3.63381,3.63381,3.63381,3569.299719744
2018-12-06,3.92453,3.92453,3.92453,3.92453,219.0252100752
2018-12-10,3.6702,3.6702,3.6702,3.6702,42.5882352924
2018-12-12,4.0699,4.0699,4.0699,4.0699,137.9047618992
2018-12-18,4.17887,4.2698,4.17887,4.2698,382.2801120294
2018-12-19,4.50599,4.50599,4.50599,4.50599,231.1932773016
2018-12-28,4.67857,4.86023,4.67857,4.86023,330.5658263172
2019-01-03,4.90569,4.90569,4.90569,4.90569,387.3501400404
2019-01-04,4.63311,4.63311,4.63311,4.63311,131.820728286
2019-01-09,4.95106,4.95106,4.95106,4.95106,541.4789915748
2019-01-14,4.90569,4.90569,4.90569,4.90569,1101.2100839892
2019-01-17,4.54228,4.54228,4.54228,4.54228,214.9691876664
2019-01-18,4.54228,4.54228,4.54228,4.54228,274.7955181962
2019-01-21,4.54228,4.54228,4.54228,4.54228,65.910364143
2019-01-25,4.36063,4.36063,4.36063,4.36063,231.1932773016
2019-01-29,4.23341,4.23341,4.23341,4.23341,1568.6666666034
2019-02-11,4.08804,4.08804,4.08804,4.08804,253.50140055
2019-02-15,4.14258,4.14258,4.14258,4.14258,253.50140055
2019-02-18,4.16073,4.16073,4.16073,4.16073,562.773109221
2019-02-20,4.16073,4.16073,4.16073,4.16073,470.4985994208
2019-02-21,4.16073,4.16073,4.16073,4.16073,1599.0868346694
2019-02-25,4.21526,4.21526,4.21526,4.21526,154.1288515344
2019-03-07,4.43331,4.67857,4.43331,4.67857,462.3865546032
2019-03-08,5.31447,5.4053,5.31447,5.4053,1194.4985993916
2019-03-11,5.17818,5.17818,5.17818,5.17818,1313.137254849
2019-03-12,5.22364,5.22364,5.22364,5.22364,550.6050419946
2019-03-13,4.08804,4.08804,4.08804,4.08804,3302.6162463654
2019-03-14,4.36063,4.36063,4.36063,4.36063,166.2969187608
2019-03-19,4.17887,4.17887,4.17887,4.17887,25.350140055
2019-03-21,4.54228,4.54228,4.54228,4.54228,347.8039215546
2019-03-22,4.86023,4.99652,4.86023,4.99652,346.7899159524
2019-03-26,5.17818,5.17818,5.17818,5.17818,274.7955181962
2019-04-03,5.17818,5.17818,5.17818,5.17818,89.2324929936
2019-04-29,4.54228,4.54228,4.54228,4.54228,220.0392156774
2019-05-07,4.67857,4.67857,4.67857,4.67857,231.1932773016
2019-05-09,4.43331,4.43331,4.43331,4.43331,418.7843137086
2019-05-14,4.43331,4.43331,4.43331,4.43331,501.932773089
2019-05-16,4.67857,4.67857,4.67857,4.67857,550.6050419946
2019-05-17,4.67857,4.67857,4.67857,4.67857,408.6442576866
2019-05-21,4.72394,4.72394,4.72394,4.72394,214.9691876664
2019-05-24,4.95106,4.95106,4.95106,4.95106,708.7899159378
2019-05-27,4.54228,4.54228,4.54228,4.54228,231.1932773016
2019-05-28,4.36063,4.36063,4.36063,4.36063,213.9551820642
2019-05-29,4.36063,4.54228,4.36063,4.54228,450.2184873768
2019-05-30,4.54228,4.54228,4.54228,4.54228,856.834733859
2019-05-31,4.72394,4.72394,4.72394,4.72394,295.0756302402
2019-06-04,4.81486,4.81486,4.81486,4.81486,343.7478991458
2019-06-05,4.67857,4.67857,4.67857,4.67857,4.0560224088
2019-06-06,4.95106,4.95106,4.95106,4.95106,43.6022408946
2019-06-14,4.67857,4.67857,4.67857,4.67857,221.0532212796
2019-06-19,4.54228,4.54228,4.54228,4.54228,319.411764693
2019-06-21,4.41506,4.41506,4.41506,4.41506,108.4985994354
2019-06-28,4.2698,4.2698,4.2698,4.2698,5173.4565824244
2019-07-03,4.50599,4.50599,4.50599,4.50599,71.9943977562
2019-07-09,4.50599,4.50599,4.50599,4.50599,581.0252100606
2019-07-17,4.08804,4.08804,4.08804,4.08804,452.2464985812
2019-07-22,4.08804,4.08804,4.08804,4.08804,1.0140056022
2019-07-31,3.63381,3.63381,3.63381,3.63381,747.3221288214
2019-08-05,3.63381,3.79732,3.63381,3.79732,2091.8935573386
2019-08-07,4.10619,4.10619,4.10619,4.10619,2.0280112044
2019-08-08,4.14258,4.14258,3.85185,3.85185,265.6694677764
2019-08-09,3.92453,3.92453,3.92453,3.92453,265.6694677764
2019-08-13,3.87,3.87,3.87,3.87,17.2380952374
2019-08-16,4.16073,4.54228,4.16073,4.54228,2680.0168066146
2019-08-19,4.54228,4.54228,4.54228,4.54228,110.5266106398
2019-08-27,4.95106,4.95106,4.95106,4.95106,121.680672264
2019-08-28,4.81486,4.90569,4.81486,4.90569,574.9411764474
2019-08-29,4.90569,4.90569,4.90569,4.90569,121.680672264
2019-08-30,4.95106,4.95106,4.95106,4.95106,562.773109221
2019-09-04,5.45076,5.45076,5.45076,5.45076,2058.431372466
2019-09-06,5.45076,5.45076,5.45076,5.45076,269.7254901852
2019-09-09,5.99582,5.99582,5.99582,5.99582,52.7282913144
2019-09-10,6.35924,6.35924,6.35924,6.35924,121.680672264
2019-09-11,6.54089,6.54089,6.54089,6.54089,152.10084033
2019-09-12,5.905,6.26841,5.905,6.26841,191.6470588158
2019-09-18,4.72394,4.72394,4.72394,4.72394,978.515406123
2019-09-20,5.63241,5.63241,5.63241,5.63241,48.6722689056
2019-09-23,6.35924,6.35924,6.35924,6.35924,45.630252099
2019-09-24,5.45076,5.45076,5.45076,5.45076,1101.2100839892
2019-09-27,5.35993,5.905,5.35993,5.905,1155.966386508
2019-09-30,5.905,5.905,5.905,5.905,220.0392156774
2019-10-01,5.63241,5.63241,4.99652,4.99652,1280.6890755786
2019-10-07,5.04198,5.17818,5.04198,5.17818,1321.2492996666
2019-10-08,4.72394,4.72394,4.36063,4.54228,3302.6162463654
2019-10-10,4.81486,4.81486,4.81486,4.81486,71.9943977562
2019-10-15,4.90569,4.90569,4.90569,4.90569,274.7955181962
2019-10-18,4.90569,4.90569,4.90569,4.90569,82.1344537782
2019-10-21,4.63311,4.63311,4.45145,4.54228,1969.1988794724
2019-10-22,4.23341,4.23341,4.23341,4.23341,412.7002800954
2019-10-23,4.16073,4.54228,4.16073,4.54228,681.4117646784
2019-10-24,4.21526,4.21526,4.21526,4.21526,253.50140055
2019-10-25,4.54228,4.81486,4.28794,4.45145,2352.492997104
2019-10-29,4.7694,4.7694,4.7694,4.7694,65.910364143
2019-10-30,4.45145,4.45145,4.45145,4.45145,244.3753501302
2019-11-05,4.36063,4.36063,4.36063,4.36063,212.941176462
2019-11-07,4.36063,4.36063,4.36063,4.36063,2185.182072741
2019-11-12,4.19712,4.67857,4.19712,4.54228,4463.6526608844
2019-11-13,4.54228,5.17818,4.54228,5.17818,3659.5462183398
2019-11-14,4.95106,5.2691,4.95106,5.22364,10052.851540211
2019-11-15,6.81347,6.81347,6.35924,6.81347,6435.8935571634
2019-11-18,6.35924,6.35924,5.22364,5.95036,3879.5854340172
2019-11-19,6.17748,6.35924,5.45076,5.905,1968.1848738702
2019-11-20,5.905,6.81347,5.905,6.35924,6835.4117644302
2019-11-21,6.45006,6.63172,6.45006,6.63172,2834.145658149
2019-11-22,6.81347,8.17609,6.81347,7.08596,19763.98319248
2019-11-25,7.49483,10.4477,7.49483,9.53841,12738.952380439
2019-11-26,8.99374,8.99374,7.5402,8.31238,5162.3025208002
2019-11-27,8.26702,8.26702,7.99443,8.26702,747.3221288214
2019-11-28,8.26702,8.26702,7.76731,7.76731,1170.1624649388
2019-11-29,8.26702,8.26702,8.26702,8.26702,1469.2941175878
2019-12-02,7.85814,7.90361,7.85814,7.90361,721.9719887664
2019-12-03,8.26702,8.26702,7.76731,8.26702,11852.711484116
2019-12-04,8.26702,8.26702,8.26702,8.26702,274.7955181962
2019-12-05,8.26702,8.31238,8.26702,8.31238,4860.1288513446
2019-12-06,8.31238,8.49413,8.31238,8.49413,3367.5126049062
2019-12-09,8.49413,8.63033,8.49413,8.63033,4908.8011202502
2019-12-10,8.40321,8.94827,8.40321,8.94827,4505.2268905746
2019-12-11,8.72115,8.94827,8.72115,8.94827,231.1932773016
2019-12-12,8.94827,8.94827,8.90291,8.94827,1400.3417366382
2019-12-13,8.72115,8.94827,8.72115,8.94827,1191.456582585
2019-12-16,8.76662,8.76662,7.26771,8.63033,5235.3109241586
2019-12-17,8.17609,8.17609,7.72185,7.76731,606.3753501156
2019-12-18,7.63102,8.08526,7.63102,7.72185,528.2969187462
2019-12-19,7.67649,8.17609,7.67649,8.13072,561.7591036188
2019-12-20,8.13072,8.35784,7.63102,8.35784,2763.165265995
2019-12-23,8.5395,9.08457,8.5395,9.08457,1167.1204481322
2019-12-27,9.08457,9.35715,8.81208,9.35715,960.2633052834
2019-12-30,8.81208,9.44768,8.81208,9.35715,7331.260503906
2020-01-02,9.08457,10.2652,8.90291,10.2652,10653.142856713
2020-01-03,10.2652,11.8096,9.26632,10.8106,15309.456582016
2020-01-07,11.2652,15.4437,11.0828,13.6271,12417.512604541
2020-01-08,13.6271,14.354,12.355,13.9901,6809.047618773
2020-01-09,14.2632,16.1705,14.2632,15.4437,6003.9271706262
2020-01-10,16.352,17.2603,16.2613,16.352,4192.913165097
2020-01-13,16.8066,17.9871,16.352,17.2603,5293.109243484
2020-01-14,16.352,16.352,15.0808,15.9891,4649.215686087
2020-01-15,15.9891,16.2613,14.7169,16.2613,1389.187675014
2020-01-16,16.7159,17.6242,16.7159,17.6242,304.20168066
2020-01-17,16.352,22.7119,16.352,19.4407,7409.3389352754
2020-01-20,19.0778,19.2593,18.1695,18.7139,17744.084032898
2020-01-21,19.0778,19.0778,17.8056,19.0778,5225.1708681366
2020-01-22,18.8963,18.8963,15.9891,18.0788,10895.490195639
2020-01-23,18.1695,19.0778,18.1695,19.0778,1401.3557422404
2020-01-24,17.4427,18.8963,16.0798,16.352,8584.5714282252
2020-01-27,16.7159,18.0788,16.352,16.352,5035.5518205252
2020-01-28,15.1715,17.2603,15.1715,16.9881,1955.0028010416
2020-01-29,17.4427,18.5324,17.2603,17.352,887.254901925
2020-01-30,16.8973,17.7149,16.2613,16.2613,1418.5938374778
2020-01-31,16.352,17.1695,15.9891,15.9891,3292.4761903434
2020-02-03,16.7159,16.8973,15.353,16.0798,2050.3193276484
2020-02-04,16.2613,16.2613,16.2613,16.2613,351.8599439634
2020-02-05,16.2613,18.7139,15.4437,18.1695,12538.179271203
2020-02-06,18.1695,22.348,18.1695,22.348,14496.224089051
2020-02-07,22.348,24.5285,22.1665,23.0748,6761.3893554696
2020-02-10,23.6202,25.4367,21.6212,22.7119,1322.2633052688
2020-02-11,23.6202,25.0738,23.6202,23.6202,7907.2156859556
2020-02-12,23.6202,24.8914,21.9851,24.5285,2354.5210083084
2020-02-13,24.5285,24.5285,19.6232,20.8944,5404.649859726
2020-02-14,21.6212,24.7099,18.351,24.7099,8041.064425446
2020-02-17,23.6202,26.345,22.8934,26.1636,10312.436974374
2020-02-18,22.8934,26.345,21.8026,22.7119,1696.4313724806
2020-02-19,21.9851,23.6202,19.9861,23.2563,1025.1596638242
2020-02-20,22.1665,25.8006,22.1665,24.1646,1688.319327663
2020-02-21,23.6202,25.2553,22.7119,22.7119,1985.4229691076
2020-02-24,22.7119,30.8874,22.7119,30.5245,25082.442576019
2020-02-25,31.4328,31.4328,25.6182,28.7069,8687.9999996496
2020-02-26,28.1626,32.7049,25.9821,26.5275,7862.5994394588
2020-02-27,28.344,29.0708,26.7089,26.7089,8876.6050416588
2020-02-28,26.345,26.5275,19.8046,21.4397,7542.1736691636
2020-03-02,20.8944,21.8026,17.2603,19.2593,6121.5518204814
2020-03-03,20.8944,21.2583,17.8964,18.8963,7551.2997195834
2020-03-04,19.0778,20.8944,17.9871,19.6232,1971.2268906768
2020-03-05,19.6232,25.9821,19.6232,23.6202,7455.9831929766
2020-03-06,25.9821,27.7987,24.347,25.2553,5292.0952378818
2020-03-09,22.5295,23.8016,17.8964,17.9871,15716.072828498
2020-03-10,19.0778,21.6212,19.0778,21.0758,2331.1988794578
2020-03-11,22.7119,22.7119,18.1695,18.1695,6162.1120445694
2020-03-12,17.8964,17.8964,14.354,15.7159,7501.6134450756
2020-03-13,15.4437,18.5324,14.5354,15.5344,3277.2661063104
2020-03-16,15.4437,18.5324,14.9901,16.5344,5040.6218485362
2020-03-17,19.8046,19.8046,16.9881,18.7139,2028.0112044
2020-03-18,18.7139,19.6232,17.2603,18.8963,2961.9103640262
2020-03-19,18.8963,18.8963,18.1695,18.8963,1736.9915965686
2020-03-20,18.8963,19.8046,18.0788,19.0778,2976.106442457
2020-03-23,18.1695,18.8963,18.1695,18.8963,911.5910363778
2020-03-24,19.8046,19.8046,18.351,19.4407,2543.1260503176
2020-03-25,18.8963,18.8963,18.8963,18.8963,22.3081232484
2020-03-26,17.2603,18.8963,17.2603,18.1695,1273.5910363632
2020-03-27,18.1695,20.8944,17.8056,20.8944,3626.0840334672
2020-03-30,21.2583,22.348,21.2583,22.1665,1956.0168066438
2020-03-31,22.1665,22.1665,18.1695,19.8046,5158.2464983914
2020-04-01,19.2593,19.8046,18.1695,19.2593,1418.5938374778
2020-04-02,19.4407,19.6232,18.1695,19.0778,1205.6526610158
2020-04-03,18.351,18.351,17.6242,18.1695,3584.509803777
2020-04-06,18.351,19.4407,17.6242,17.8964,2372.773109148
2020-04-07,18.1695,19.2593,17.7149,18.1695,1382.0896357986
2020-04-08,18.1695,19.0778,17.8056,18.0788,608.40336132
2020-04-09,18.5324,18.5324,17.6242,18.351,909.5630251734
2020-04-14,18.5324,20.1675,18.351,19.9861,3566.2577029374
2020-04-15,19.6232,19.8046,18.8963,19.0778,1384.117647003
2020-04-16,19.0778,20.1675,18.1695,19.0778,2390.0112043854
2020-04-17,19.2593,21.2583,18.351,19.9861,4409.9103639678
2020-04-20,20.8944,25.6182,20.8944,25.6182,10191.770307712
2020-04-21,25.6182,26.5275,22.5295,25.9821,5327.5854339588
2020-04-22,27.6172,28.5255,23.0748,28.1626,4473.7927169064
2020-04-23,27.6172,28.344,25.9821,27.2533,1608.2128850892
2020-04-24,27.6172,27.6172,25.0738,26.5275,3124.1512603782
2020-04-27,26.8904,27.2533,25.4367,27.2533,3586.5378149814
2020-04-28,27.2533,29.0708,27.0718,28.5255,4359.2100838578
2020-04-29,29.2523,29.2523,27.7987,29.0708,2281.51260495
2020-04-30,28.1626,29.0708,27.7987,28.5255,1327.3333332798
2020-05-04,27.0718,27.0718,23.0748,23.9831,6999.6806719866
2020-05-05,23.8016,26.7089,23.0748,25.6182,4642.1176468716
2020-05-06,25.8006,26.1636,24.347,24.8914,2247.0364144752
2020-05-07,24.5285,24.8914,23.9831,24.347,2423.473389258
2020-05-08,24.1646,24.8914,23.6202,24.8914,2031.0532212066
2020-05-11,24.8914,25.6182,24.5285,25.6182,1007.9215685868
2020-05-12,25.6182,27.6172,25.0738,26.345,2332.21288506
2020-05-13,26.345,27.2533,25.6182,26.1636,418.7843137086
2020-05-14,25.8006,26.5275,22.8934,24.7099,3148.487394831
2020-05-15,25.0738,25.9821,25.0738,25.9821,989.6694677472
2020-05-18,26.345,27.2533,26.345,26.8904,760.50420165
2020-05-19,26.8904,26.8904,25.6182,26.5275,617.5294117398
2020-05-20,25.8006,25.9821,24.8914,25.8006,888.2689075272
2020-05-21,24.8914,27.2533,24.8914,26.8904,1644.7170867684
2020-05-22,26.7089,26.8904,25.9821,26.5275,722.9859943686
2020-05-25,26.5275,26.5275,25.8006,25.8006,283.921568616
2020-05-26,26.345,26.345,25.0738,25.9821,582.0392156628
2020-05-27,25.9821,26.5275,25.8006,25.9821,357.9439775766
2020-05-28,25.6182,25.6182,25.4367,25.4367,414.7282912998
2020-05-29,25.4367,25.4367,24.8914,25.4367,983.585434134
2020-06-01,25.4367,28.1626,25.4367,27.2533,4453.5126048624
2020-06-02,27.4357,27.4357,26.8904,27.2533,287.9775910248
2020-06-03,27.2533,27.9801,27.0718,27.2533,897.394957947
2020-06-04,27.4357,27.4357,25.9821,27.2533,1171.176470541
2020-06-05,27.2533,27.4357,26.1636,26.7089,779.7703080918
2020-06-08,27.0718,28.8894,26.345,28.1626,4036.7563023582
2020-06-09,28.8894,29.6162,27.6172,28.1626,2521.8319326714
2020-06-10,28.8894,29.0708,27.2533,27.9801,1984.4089635054
2020-06-12,27.2533,29.9791,24.8914,28.7069,3286.3921567302
2020-06-15,28.1626,28.1626,26.8904,28.1626,1630.5210083376
2020-06-16,28.344,29.0708,27.2533,28.7069,4648.2016804848
2020-06-17,28.8894,28.8894,27.7987,28.7069,3501.3613443966
2020-06-18,28.7069,29.0708,27.7987,28.344,2626.274509698
2020-06-19,28.344,30.342,27.6172,29.0708,856.834733859
2020-06-22,29.0708,29.9791,28.5255,29.2523,4454.5266104646
2020-06-23,29.6162,29.9791,29.2523,29.7977,4538.6890754472
2020-06-24,29.9791,31.7957,29.9791,30.8874,3615.9439774452
2020-06-25,31.6142,39.0639,30.8874,37.2463,7053.4229689032
2020-06-26,39.9722,41.7887,38.8824,41.7887,6806.0056019664
2020-06-29,43.4248,43.6063,39.9722,42.698,4385.574229515
2020-06-30,57.2324,68.5884,49.9652,65.4089,26393.551819664
2020-07-01,69.043,72.6771,57.2324,63.5924,16594.201680003
2020-07-02,61.7748,64.9553,59.05,62.6841,3873.501400404
2020-07-03,61.7748,61.7748,58.1417,59.05,5752.4537812806
2020-07-06,60.8665,60.8665,53.5993,58.5953,7357.6246495632
2020-07-07,57.2324,63.5924,54.5076,61.7748,6103.2997196418
2020-07-08,63.5924,63.5924,59.05,61.7748,3028.8347337714
2020-07-09,61.3212,62.6841,56.3241,58.1417,3973.8879550218
2020-07-10,58.1417,61.7748,57.2324,61.3212,1156.9803921102
2020-07-13,61.7748,73.5854,61.7748,72.2225,8139.4229688594
2020-07-14,72.6771,76.3102,69.9513,73.1308,4620.8235292254
2020-07-15,73.5854,81.7609,73.5854,81.3072,4637.0476188606
2020-07-16,83.5784,84.0321,81.3072,83.5784,1558.5266105814
2020-07-17,99.9304,118.096,97.2056,118.096,45373.708681643
2020-07-20,118.096,154.437,112.652,154.437,14201.148458811
2020-07-21,172.603,181.695,111.745,126.271,34477.204480402
2020-07-22,133.54,145.354,115.374,141.715,11640.784313256
2020-07-23,145.354,168.066,142.632,149.901,9471.8263301502
2020-07-24,158.983,158.983,127.189,146.262,5447.2380950184
2020-07-27,157.159,177.149,140.808,172.603,11694.526610173
2020-07-28,179.871,194.407,173.52,180.788,11536.341736229
2020-07-29,178.056,179.871,155.344,170.788,7278.5322125916
2020-07-30,172.603,177.149,122.642,152.622,19356.352940396
2020-07-31,141.715,164.427,124.457,152.622,8884.7170864764
2020-08-03,154.437,176.242,154.437,176.242,10184.672268497
2020-08-04,177.149,179.871,161.705,172.603,3956.6498597844
2020-08-05,172.603,172.603,166.252,171.695,2602.9523808474
2020-08-06,170.788,171.695,158.076,158.983,4128.0168065562
2020-08-07,158.076,162.613,140.808,162.613,11913.551820248
2020-08-10,162.613,165.344,145.354,162.613,5164.3305320046
2020-08-11,168.066,168.066,145.354,145.354,4962.5434171668
2020-08-12,144.447,144.447,119.92,136.271,13480.190475647
2020-08-13,133.54,158.076,126.271,133.54,17589.955181363
2020-08-14,138.086,140.808,128.096,130.818,8276.3137251564
2020-08-17,97.2056,116.281,94.4798,111.745,50671.887953138
2020-08-18,112.652,115.374,96.2963,99.9304,14344.123248721
2020-08-19,98.1139,121.735,95.388,119.003,11845.6134449
2020-08-20,118.096,118.096,103.56,105.384,7196.3977588134
2020-08-21,105.384,105.384,97.2056,104.477,2627.2885153002
2020-08-24,104.477,104.477,99.9304,103.56,2214.5882352048
2020-08-25,103.56,103.56,95.388,97.2056,4747.5742295004
2020-08-26,95.388,95.388,85.8496,89.4827,7636.4761901682
2020-08-27,91.7539,96.2963,86.7579,96.2963,6658.9747896474
2020-08-28,96.2963,96.2963,90.8457,91.7539,1587.9327730452
2020-08-31,92.6632,97.2056,90.8457,91.7539,1249.2549019104
2020-09-01,91.7539,92.6632,87.2115,88.1208,2445.7815125064
2020-09-02,87.2115,87.2115,79.0361,81.7609,7194.369747609
2020-09-03,80.8526,80.8526,76.3102,76.3102,8346.2801117082
2020-09-04,73.5854,79.4897,69.043,74.4937,5905.5686272128
2020-09-07,74.4937,74.4937,69.043,71.7678,3971.8599438174
2020-09-08,68.1347,68.1347,59.05,66.3172,15464.599439152
2020-09-09,64.9553,76.7649,62.2294,76.7649,6153.9999997518
2020-09-10,79.4897,83.5784,70.8596,78.1278,5948.1568625052
2020-09-11,75.402,76.3102,73.5854,76.3102,452.2464985812
2020-09-14,77.2185,83.5784,77.2185,83.5784,2509.663865445
2020-09-15,84.4867,84.9413,81.7609,83.5784,1244.1848738994
2020-09-16,82.6702,83.1238,81.7609,83.1238,635.7815125794
2020-09-17,79.9443,81.3072,78.1278,80.8526,798.0224089314
2020-09-18,80.8526,80.8526,77.6731,80.8526,528.2969187462
2020-09-21,81.3072,86.3033,76.3102,78.1278,2361.6190475238
2020-09-22,77.6731,81.7609,74.9483,79.9443,2229.7983192378
2020-09-23,81.7609,83.5784,77.2185,77.6731,1078.9019607408
2020-09-24,76.3102,76.3102,70.8596,74.039,2250.0784312818
2020-09-25,76.3102,76.3102,72.2225,75.402,599.2773109002
2020-09-28,76.3102,76.3102,71.7678,75.402,606.3753501156
2020-09-29,75.402,75.402,71.7678,73.5854,956.2072828746
2020-09-30,72.6771,79.9443,72.6771,79.0361,1149.8823528948
2020-10-01,81.7609,85.395,79.0361,85.395,3290.448179139
2020-10-02,85.395,85.395,77.2185,77.6731,3085.6190474946
2020-10-05,79.4897,94.4798,77.2185,90.8457,4343.9999998248
2020-10-06,97.2056,106.291,92.6632,101.745,7941.6918764304
2020-10-07,98.1139,98.1139,93.5715,96.2963,1878.9523808766
2020-10-08,97.2056,104.477,94.4798,100.838,2158.8179270838
2020-10-09,102.652,102.652,94.4798,96.2963,1739.019607773
2020-10-12,95.388,99.0231,94.4798,97.2056,999.8095237692
2020-10-13,98.1139,98.1139,87.2115,98.1139,4704.985994208
2020-10-14,99.0231,114.467,99.0231,111.745,9048.9859940328
2020-10-15,115.374,116.281,99.0231,114.467,8286.4537811784
2020-10-16,128.096,147.169,122.642,133.54,19951.574228887
2020-10-19,137.179,145.354,123.55,133.54,11058.745097593
2020-10-20,132.632,140.808,131.725,136.271,2279.4845937456
2020-10-21,134.447,135.364,128.096,135.364,2490.3977590032
2020-10-22,133.54,149.901,133.54,149.901,8833.0028007642
2020-10-23,144.447,144.447,129.911,138.086,5885.2885151688
2020-10-26,135.364,135.364,119.003,122.642,9758.7899155728
2020-10-27,123.55,127.189,109.92,117.189,5625.7030810056
2020-10-28,118.096,121.735,90.8457,101.745,13995.305321564
2020-10-29,96.2963,115.374,93.5715,112.652,8967.8655458568
2020-10-30,112.652,118.096,104.477,111.745,4983.837534813
2020-11-02,109.92,129.911,109.92,119.92,4506.2408961768
2020-11-03,122.642,129.003,120.828,126.271,3455.7310922976
2020-11-04,127.189,128.096,119.92,127.189,2405.2212884184
2020-11-05,127.189,138.086,127.189,135.364,3919.131652503
2020-11-06,137.179,144.447,109.92,138.993,7156.8515403276
2020-11-09,140.808,145.354,119.92,125.364,9459.6582629238
2020-11-10,125.364,138.086,122.642,133.54,5053.8039213648
2020-11-12,146.262,146.262,119.92,124.457,12532.09523759
2020-11-13,124.457,129.003,116.281,119.003,6212.8123246794
2020-11-16,120.828,120.828,109.92,112.652,5433.0420165876
2020-11-17,112.652,119.92,111.745,119.003,1990.4929971186
2020-11-18,115.374,119.92,111.745,119.92,2042.2072828308
2020-11-19,119.92,123.55,114.467,119.92,2298.7507001874
2020-11-20,118.096,121.735,116.281,119.92,969.3893557032
2020-11-23,120.828,121.735,111.745,113.56,2330.1848738556
2020-11-24,111.745,115.374,105.384,109.013,4634.005602054
2020-11-25,109.013,110.828,100.838,105.384,5006.1456580614
2020-11-26,102.652,112.652,102.652,110.828,2426.5154060646
2020-11-27,107.199,109.92,102.652,105.384,2338.2969186732
2020-11-30,102.652,103.56,92.6632,96.2963,6289.8767504466
2020-12-01,96.2963,105.384,96.2963,104.477,3296.5322127522
2020-12-02,104.477,110.828,102.652,108.106,3752.8347337422
2020-12-03,108.106,109.92,103.56,106.291,371.1260504052
2020-12-04,108.106,108.106,100.838,100.838,1148.8683472926
2020-12-07,100.838,104.477,98.1139,99.9304,5083.2100838286
2020-12-08,99.9304,102.652,97.2056,102.652,2562.3921567594
2020-12-09,103.56,103.56,96.2963,96.2963,4960.5154059624
2020-12-10,97.2056,102.652,94.4798,96.2963,4487.9887953372
2020-12-11,96.2963,97.2056,90.8457,96.2963,2902.0840334964
2020-12-14,96.2963,96.2963,84.0321,94.4798,4285.1876748972
2020-12-15,96.2963,96.2963,88.5745,95.388,2315.9887954248
2020-12-16,95.388,97.2056,91.7539,97.2056,2050.3193276484
2020-12-17,97.2056,102.652,91.7539,99.9304,4752.6442575114
2020-12-18,98.1139,98.1139,90.392,94.4798,5712.9075627948
2020-12-21,93.5715,96.2963,89.0291,92.6632,2240.952380862
2020-12-22,92.6632,96.2963,92.6632,93.5715,2835.1596637512
2020-12-23,96.2963,96.2963,90.8457,92.6632,2624.2464984936
2020-12-28,90.8457,99.9304,90.8457,94.4798,4855.0588233336
2020-12-29,94.4798,98.1139,93.5715,98.1139,2164.901960697
2020-12-30,98.1139,98.1139,95.388,97.2056,1928.6386553844
2021-01-04,99.0231,114.467,98.1139,108.106,8674.817926821
2021-01-05,113.56,115.374,107.199,112.652,3876.5434172106
2021-01-07,112.652,112.652,107.199,110.828,1494.6442576428
2021-01-08,110.828,110.828,101.745,104.477,3922.1736693096
2021-01-11,104.477,109.92,102.652,109.013,1414.537815069
2021-01-12,106.291,108.106,105.384,108.106,457.3165265922
2021-01-13,106.291,107.199,102.652,106.291,748.3361344236
2021-01-14,109.013,112.652,106.291,106.291,1621.3949579178
2021-01-15,106.291,107.199,103.56,104.477,877.114845903
2021-01-18,105.384,105.384,101.745,102.652,648.963585408
2021-01-19,103.56,105.384,103.56,104.477,445.1484593658
2021-01-20,104.477,104.477,100.838,104.477,1636.6050419508
2021-01-21,104.477,104.477,100.838,101.745,1030.2296918352
2021-01-22,99.9304,101.745,95.388,101.745,2260.2184873038
2021-01-25,101.745,101.745,99.0231,101.745,543.5070027792
2021-01-26,100.838,100.838,97.2056,99.0231,626.6554621596
2021-01-27,100.838,101.745,98.1139,98.1139,1853.6022408216
2021-01-28,96.2963,108.106,95.388,106.291,3412.128851403
2021-01-29,107.199,109.013,99.0231,106.291,3739.6526609136
2021-02-01,112.652,122.642,112.652,113.56,12276.565825835
2021-02-02,112.652,112.652,104.477,107.199,3750.8067225378
2021-02-03,106.291,109.92,105.384,106.291,960.2633052834
2021-02-04,106.291,111.745,104.477,108.106,2299.7647057896
2021-02-05,109.013,111.745,107.199,111.745,1441.9159663284
2021-02-08,113.56,114.467,109.92,111.745,1949.9327730306
2021-02-09,109.92,109.92,106.291,109.013,1338.487394904
2021-02-10,109.013,113.56,109.013,109.013,2026.9971987978
2021-02-11,109.013,111.745,106.291,109.013,1211.736694629
2021-02-12,110.828,111.745,101.745,104.477,6864.817926894
2021-02-15,102.652,107.199,95.388,99.9304,9959.5630248084
2021-02-16,105.384,105.384,91.7539,96.2963,13595.787114298
2021-02-17,95.388,96.2963,85.395,94.4798,7914.313725171
2021-02-18,98.1139,98.1139,91.7539,94.4798,2791.5574228566
2021-02-19,92.6632,95.388,91.7539,94.4798,1886.050420092
2021-02-22,93.5715,94.4798,89.9374,94.4798,4147.282912998
2021-02-23,94.4798,94.4798,88.1208,92.6632,2290.6386553698
2021-02-24,90.8457,91.7539,88.5745,89.9374,1650.8011203816
2021-02-25,89.9374,89.9374,87.2115,89.0291,905.5070027646
2021-02-26,87.6662,87.6662,83.1238,84.4867,4429.1764704096
2021-03-01,86.3033,89.4827,86.3033,88.1208,2734.7731091334
2021-03-02,86.3033,89.4827,84.9413,89.4827,1294.8851540094
2021-03-03,89.4827,89.9374,87.2115,88.5745,843.6526610304
2021-03-04,88.5745,88.5745,84.4867,87.6662,973.445378112
2021-03-05,87.6662,89.0291,85.8496,87.6662,704.733893529
2021-03-08,87.6662,88.5745,85.395,87.2115,833.5126050084
2021-03-09,87.6662,94.4798,85.395,92.6632,3322.8963584094
2021-03-10,91.7539,94.4798,90.8457,90.8457,1452.0560223504
2021-03-11,92.6632,94.4798,91.7539,93.5715,1103.2380951936
2021-03-12,91.7539,91.7539,89.0291,91.7539,793.9663865226
2021-03-15,92.6632,93.5715,89.0291,90.8457,1381.0756301964
2021-03-16,91.7539,94.4798,89.0291,92.6632,1751.1876749994
2021-03-17,92.6632,92.6632,89.0291,90.8457,708.7899159378
2021-03-18,90.392,90.8457,89.4827,89.4827,320.4257702952
2021-03-19,90.8457,99.0231,89.9374,97.2056,4597.5014003748
2021-03-22,96.2963,96.2963,90.8457,95.388,2365.6750699326
2021-03-23,98.1139,98.1139,92.6632,95.388,950.1232492614
2021-03-24,95.388,95.388,92.6632,93.5715,262.6274509698
2021-03-25,94.4798,94.4798,88.1208,91.7539,1481.4621848142
2021-03-26,91.7539,91.7539,87.6662,91.7539,706.7619047334
2021-03-29,91.7539,92.6632,90.8457,90.8457,433.9943977416
2021-03-30,91.7539,91.7539,89.9374,89.9374,313.3277310798
2021-03-31,90.8457,90.8457,88.5745,89.0291,644.9075629992
2021-04-01,89.0291,89.9374,77.3102,87.2115,6556.5602238252
2021-04-06,89.9374,91.0271,89.1198,90.8457,1363.837534959
2021-04-07,92.6632,99.7529,91.9364,98.1139,5999.8711482174
2021-04-08,99.7529,105.384,96.2963,104.477,6083.0196075978
2021-04-09,105.197,105.197,99.0231,101.567,3662.5882351464
2021-04-12,99.388,101.025,94.4798,96.2963,2835.1596637512
2021-04-13,94.8427,104.477,91.7539,103.56,10717.025209652
2021-04-14,106.104,108.836,105.384,107.199,9418.0840332336
2021-04-15,106.104,111.745,99.9304,111.015,5918.7507000414
2021-04-16,111.193,111.745,105.197,109.556,3542.9355740868
2021-04-19,111.558,112.83,107.376,109.013,3805.5630250566
2021-04-20,109.013,109.013,102.297,103.017,2520.8179270692
2021-04-21,105.384,109.013,101.745,104.112,3263.0700278796
2021-04-22,104.289,105.197,100.108,103.205,1475.378151201
2021-04-23,100.66,102.84,98.1139,99.9304,3326.9523808182
2021-04-26,102.84,103.382,95.388,103.205,3449.6470586844
2021-04-27,103.924,103.924,99.0231,101.025,1311.1092436446
2021-04-28,100.66,100.66,96.2963,100.473,1183.3445377674
2021-04-29,99.0231,101.203,96.4788,97.9314,1646.7450979728
2021-04-30,98.2933,98.6582,97.2056,98.1139,945.0532212504
2021-05-04,99.7529,104.289,96.4788,96.4788,1273.5910363632
2021-05-05,100.66,100.66,96.2963,97.5685,3347.2324928622
2021-05-06,96.6602,103.382,93.5715,100.838,4029.6582631428
2021-05-07,101.025,106.469,99.9304,102.652,3397.9327729722
2021-05-10,104.289,105.384,100.108,100.108,1944.8627450196
2021-05-11,102.652,102.652,100.295,100.473,2067.5574228858
2021-05-12,101.203,102.475,97.5685,100.66,2045.2492996374
2021-05-13,99.0231,99.9304,84.3053,99.0231,10785.977590601
2021-05-14,97.2056,98.8357,93.5715,97.0231,2804.7394956852
2021-05-17,97.0231,97.387,90.8457,92.1178,2395.0812323964
2021-05-18,94.4798,97.0231,93.0261,93.2076,2291.652660972
2021-05-19,92.6632,94.1159,89.9374,92.6632,3444.5770306734
2021-05-20,91.2096,94.6612,91.2096,94.6612,816.274509771
2021-05-21,94.4798,99.0231,94.4798,98.1139,1033.2717086418
2021-05-24,99.9304,100.838,96.8417,98.2933,1181.316526563
2021-05-25,99.7529,99.7529,95.2066,98.1139,774.7002800808
2021-05-26,98.1139,98.1139,94.4798,94.6612,1481.4621848142
2021-05-27,95.9334,98.1139,94.6612,95.388,504.9747898956
2021-05-28,95.388,98.6582,95.388,96.1149,772.6722688764
2021-05-31,96.1149,98.1139,94.2983,97.2056,1598.0728290672
2021-06-01,98.1139,101.025,97.387,98.1139,2173.0140055146
2021-06-02,99.5655,101.025,98.2933,99.388,1693.389355674
2021-06-04,101.567,101.745,95.388,96.6602,1713.669467718
2021-06-07,95.9334,99.0231,95.388,97.75,2225.742296829
2021-06-08,98.1139,99.0231,94.6612,96.8417,1063.6918767078
2021-06-09,97.0231,97.0231,94.6612,94.8427,1312.1232492468
2021-06-10,94.8427,97.0231,94.4798,95.388,983.585434134
2021-06-11,95.9334,97.2056,95.388,96.2963,1354.7114845392
2021-06-14,97.0231,97.0231,91.0271,93.9344,2162.8739494926
2021-06-15,94.2983,95.0251,93.5715,93.9344,306.2296918644
2021-06-16,94.2983,95.388,92.6632,95.388,931.8711484218
2021-06-17,92.6632,92.6632,88.3023,88.5745,4839.8487393006
2021-06-18,89.0291,93.7529,89.0291,89.9374,2441.7254900976
2021-06-21,89.9374,92.6632,89.0291,91.7539,1261.4229691368
2021-06-22,90.0281,90.1188,86.8486,89.0291,3424.2969186294
2021-06-23,89.0291,90.8457,86.7579,90.8457,917.675069991
2021-06-24,91.7539,91.7539,88.5745,89.5745,608.40336132
2021-06-25,91.0271,91.0271,89.7559,89.9374,481.652661045
2021-06-28,90.8457,90.8457,89.9374,90.6642,84.1624649826
2021-06-29,90.1188,91.5725,88.5745,91.5725,987.6414565428
2021-06-30,89.9374,92.4808,87.7569,90.0281,1500.728291256
2021-07-01,92.6632,96.8417,92.6632,95.2066,4695.8599437882
2021-07-02,96.8417,99.7529,94.8427,98.1139,2475.1876749702
2021-07-05,99.7529,99.7529,95.388,95.7519,627.6694677618
2021-07-06,97.2056,99.5655,95.9334,96.4788,641.8655461926
2021-07-07,96.6602,99.0231,96.1149,97.2056,427.9103641284
2021-07-08,97.2056,97.2056,92.8447,93.5715,1261.4229691368
2021-07-09,93.7529,95.0251,91.0271,94.4798,754.4201680368
2021-07-12,94.8427,97.0231,94.8427,95.7519,1104.2521007958
2021-07-13,95.9334,97.2056,95.9334,96.6602,608.40336132
2021-07-14,97.75,98.1139,95.5695,95.5695,479.6246498406
2021-07-15,95.5695,98.2933,95.2066,95.2066,1488.5602240296
2021-07-16,95.5695,96.8417,95.5695,96.8417,30.420168066
2021-07-19,97.9314,97.9314,91.0271,93.7529,1933.7086833954
2021-07-20,95.2066,95.2066,91.9364,93.5715,982.5714285318
2021-07-21,93.5715,94.1159,92.2993,93.9344,755.434173639
2021-07-22,93.2076,93.9344,93.2076,93.9344,695.6078431092
2021-07-23,93.9344,94.1159,93.39,93.39,580.0112044584
2021-07-26,93.7529,94.6612,93.39,93.39,666.2016806454
2021-07-27,93.39,93.5715,92.4808,92.6632,423.8543417196
2021-07-28,93.39,93.39,92.2993,92.4808,349.831932759
2021-07-29,93.39,96.2963,91.7539,96.1149,1946.890756224
2021-07-30,96.1149,96.1149,93.9344,94.4798,597.2492996958
2021-08-02,94.6612,96.1149,94.1159,94.4798,807.1484593512
2021-08-03,95.9334,96.2963,95.388,95.388,2008.7450979582
2021-08-04,95.0251,96.2963,94.4798,96.2963,698.6498599158
2021-08-05,96.2963,96.2963,95.388,96.2963,914.6330531844
2021-08-06,96.4788,97.387,96.2963,96.2963,2512.7058822516
2021-08-09,96.1149,97.2056,96.1149,96.4788,1147.8543416904
2021-08-10,97.2056,98.6582,96.4788,98.6582,1400.3417366382
2021-08-11,99.0231,99.0231,95.9334,98.1139,1002.8515405758
2021-08-12,99.0231,100.66,98.1139,99.5655,3032.8907561802
2021-08-13,99.9304,107.021,99.9304,107.021,5154.1904759826
2021-08-16,106.656,106.656,104.112,104.477,1634.5770307464
2021-08-17,105.197,106.291,103.924,106.104,1506.8123248692
2021-08-18,106.104,106.291,104.477,106.291,793.9663865226
2021-08-19,106.104,108.283,104.477,106.291,3430.3809522426
2021-08-20,106.656,107.928,105.019,106.834,1236.0728290818
2021-08-23,107.376,111.193,107.376,109.201,3220.4817925872
2021-08-24,109.013,111.193,109.013,110.65,1607.198879487
2021-08-25,111.015,111.015,106.834,108.283,1458.1400559636
2021-08-26,108.283,108.648,104.654,104.654,1455.098039157
2021-08-27,104.832,108.471,104.832,107.199,1042.3977590616
2021-08-30,108.471,110.285,105.926,108.836,2355.5350139106
2021-08-31,109.013,109.92,108.106,109.013,1423.6638654888
2021-09-01,109.013,109.378,108.106,108.283,2088.851540532
2021-09-02,108.283,109.743,106.656,107.928,1491.6022408362
2021-09-03,108.106,109.013,107.199,108.648,1195.5126049938
2021-09-06,108.648,109.92,108.106,109.013,3166.7394956706
2021-09-07,109.92,110.65,108.106,110.65,3314.7843135918
2021-09-08,114.99,114.99,110.059,113.017,1996.5770307318
2021-09-09,112.031,113.214,111.242,113.017,787.8823529094
2021-09-10,113.412,113.412,109.467,112.425,1101.2100839892
2021-09-13,112.425,112.425,109.467,112.425,2312.9467786182
2021-09-14,110.65,112.228,110.059,111.834,349.831932759
2021-09-15,109.861,110.059,107.297,109.27,1508.8403360736
2021-09-16,110.256,110.256,103.747,106.311,2216.6162464092
2021-09-17,106.508,107.1,103.747,104.339,1037.3277310506
2021-09-20,106.114,106.114,99.605,100.591,2630.3305321068
2021-09-21,99.8022,105.522,99.8022,103.155,831.484593804
2021-09-22,104.93,106.508,101.38,103.352,963.30532209
2021-09-23,103.55,105.522,100.788,103.352,709.80392154
2021-09-24,102.564,103.155,101.183,101.183,368.0840335986
2021-09-27,101.183,103.55,99.605,103.155,912.60504198
2021-09-28,101.972,102.564,99.8022,100.591,560.7450980166
2021-09-29,99.8022,101.38,96.5478,100.394,1308.067226838
2021-09-30,99.0133,100.197,98.0271,99.605,771.6582632742
2021-10-01,98.4215,102.169,98.0271,101.577,866.974789881
2021-10-04,101.775,105.522,101.577,101.775,874.0728290964
2021-10-05,103.55,103.747,100.394,101.38,793.9663865226
2021-10-06,101.183,101.577,98.6188,101.183,1886.050420092
2021-10-07,101.183,101.183,98.816,100.197,337.6638655326
2021-10-08,100.591,103.352,99.4077,103.352,738.1960784016
2021-10-11,103.55,105.522,103.55,104.141,998.795518167
2021-10-12,104.141,104.141,100.591,102.564,924.7731092064
2021-10-13,103.55,107.494,101.775,107.494,1040.3697478572
2021-10-14,102.761,106.311,102.761,102.958,1595.0308122606
2021-10-15,102.958,106.114,101.972,106.114,1626.4649859288
2021-10-18,105.917,105.917,102.564,105.128,377.2100840184
2021-10-19,103.55,104.536,102.761,103.55,464.4145658076
2021-10-20,103.55,104.141,98.1257,102.564,5144.0504199606
2021-10-21,100.394,102.564,99.2105,102.564,1610.2408962936
2021-10-22,102.169,103.155,101.577,103.155,633.753501375
2021-10-25,103.155,104.93,103.155,104.339,888.2689075272
2021-10-26,104.141,104.339,99.9994,101.183,998.795518167
2021-10-27,102.169,102.564,98.4215,101.577,1669.0532212212
2021-10-28,101.577,103.352,100.591,102.761,646.9355742036
2021-10-29,101.775,103.155,101.577,103.155,255.5294117544
2021-11-02,103.55,103.55,102.564,102.958,425.882352924
2021-11-03,102.958,103.55,101.775,101.775,325.4957983062
2021-11-04,101.972,103.352,101.775,101.775,596.2352940936
2021-11-05,103.155,104.339,102.169,103.155,255.5294117544
2021-11-08,103.55,107.494,103.55,105.522,2784.4593836412
2021-11-09,106.508,106.508,104.733,106.311,359.971988781
2021-11-10,106.311,118.54,104.339,111.636,7038.2128848702
2021-11-12,116.37,117.356,112.425,116.567,3522.6554620428
2021-11-15,117.159,117.356,109.467,109.467,3556.1176469154
2021-11-16,111.439,116.173,106.903,114.398,4610.6834732034
2021-11-17,113.806,114.398,111.439,111.636,938.9691876372
2021-11-18,111.636,113.412,109.27,112.031,1269.5350139544
2021-11-19,109.861,112.228,108.875,111.439,899.4229691514
2021-11-22,111.439,111.439,104.339,108.481,1636.6050419508
2021-11-23,108.481,108.481,104.141,107.1,983.585434134
2021-11-24,106.903,107.494,102.564,105.128,1348.627450926
2021-11-25,105.522,105.522,102.169,105.128,1022.1176470176
2021-11-26,105.128,108.481,102.564,106.508,1798.8459383028
2021-11-29,106.508,106.508,101.775,102.366,1618.3529411112
2021-11-30,104.536,106.508,102.564,106.311,838.5826330194
2021-12-01,108.481,108.481,104.536,107.494,305.2156862622
2021-12-02,107.297,107.297,102.564,105.719,228.151260495
2021-12-03,103.747,106.903,102.564,106.114,365.042016792
2021-12-06,106.114,106.114,102.761,102.761,259.5854341632
2021-12-07,106.114,106.508,103.747,104.536,157.170868341
2021-12-08,105.522,106.311,103.944,104.339,646.9355742036
2021-12-09,106.311,107.1,102.761,104.536,428.9243697306
2021-12-10,104.536,106.508,102.958,106.508,287.9775910248
2021-12-13,103.55,105.325,103.55,103.747,155.1428571366
2021-12-14,104.141,104.733,102.564,103.352,525.2549019396
2021-12-15,102.761,103.55,100.986,102.761,1305.0252100314
2021-12-16,104.536,105.917,103.55,105.522,298.1176470468
2021-12-17,105.522,107.297,105.522,106.311,933.8991596262
2021-12-20,105.522,105.522,103.747,104.536,770.644257672
2021-12-21,105.325,105.325,102.564,102.761,632.7394957728
2021-12-22,104.536,105.522,102.761,105.325,560.7450980166
2021-12-23,105.325,105.522,103.747,105.325,366.0560223942
2021-12-27,105.325,105.522,102.564,105.522,2314.9747898226
2021-12-28,105.128,106.508,101.577,104.536,3336.078431238
2021-12-29,106.508,106.903,105.325,106.706,315.3557422842
2021-12-30,106.706,106.706,105.325,105.719,215.9831932686
2022-01-03,111.439,111.439,106.508,108.283,2441.7254900976
2022-01-04,109.467,110.453,108.678,110.453,669.243697452
2022-01-05,110.453,110.453,108.875,110.453,652.0056022146
2022-01-07,109.664,110.453,106.706,110.453,1465.238095179
2022-01-10,110.453,112.425,109.467,109.664,1371.9495797766
2022-01-11,109.664,111.834,109.467,111.045,669.243697452
2022-01-12,112.228,113.214,111.045,111.636,1277.647058772
2022-01-13,111.834,114.201,111.834,112.425,913.6190475822
2022-01-14,113.412,113.412,111.439,113.412,442.1064425592
2022-01-17,111.834,114.398,111.834,113.214,385.322128836
2022-01-18,112.623,113.214,111.439,113.214,692.5658263026
2022-01-19,112.031,112.425,107.1,112.031,1330.3753500864
2022-01-20,112.425,113.412,110.848,112.228,321.4397758974
2022-01-21,109.664,110.65,107.494,110.453,2178.0840335256
2022-01-24,108.481,108.481,105.522,108.481,2450.8515405174
2022-01-25,106.508,108.481,105.719,108.283,936.9411764328
2022-01-26,109.467,114.792,109.467,113.017,1725.8375349444
2022-01-27,112.425,113.214,109.664,109.664,783.8263305006
2022-01-28,109.467,111.045,109.072,110.453,255.5294117544
2022-01-31,110.256,112.82,110.256,112.82,557.70308121
2022-02-01,112.228,112.623,111.045,112.228,325.4957983062
2022-02-02,110.848,112.425,110.848,112.031,183.5350139982
2022-02-03,112.031,112.031,110.65,111.439,227.1372548928
2022-02-04,112.623,112.623,111.439,112.425,287.9775910248
2022-02-07,111.636,113.412,111.636,113.412,819.3165265776
2022-02-08,114.201,115.187,112.623,115.187,1679.1932772432
2022-02-09,114.398,116.37,114.398,115.384,1249.2549019104
2022-02-10,115.778,115.976,114.99,115.976,314.341736682
2022-02-11,115.187,116.37,115.187,116.37,902.464985958
2022-02-14,117.751,124.26,115.976,123.273,7798.7170865202
2022-02-15,128.204,133.135,110.65,113.017,9346.0896354774
2022-02-16,113.806,120.315,113.806,117.948,1723.80952374
2022-02-17,117.948,126.232,117.159,124.26,3781.2268906038
2022-02-18,122.287,124.26,118.343,120.512,1064.70588231
2022-02-21,118.343,120.512,113.412,114.398,1754.229691806
2022-02-22,115.187,117.356,112.82,117.159,910.5770307756
2022-02-23,114.792,120.315,114.398,120.315,964.3193276922
2022-02-24,120.315,126.824,108.678,120.907,10076.173669061
2022-02-25,121.301,125.246,115.384,115.384,5891.372548782
2022-02-28,120.709,120.709,113.412,117.356,1895.1764705118
2022-03-01,118.145,122.287,116.37,118.934,1932.6946777932
2022-03-02,120.709,131.36,120.512,129.585,4600.5434171814
2022-03-03,131.36,132.149,122.879,128.204,2468.0896357548
2022-03-04,128.204,128.204,122.879,127.218,1468.2801119856
2022-03-07,129.388,144.97,129.388,133.727,8998.2857139228
2022-03-08,136.686,141.025,133.727,140.63,2200.392156774
2022-03-09,138.264,139.447,133.333,133.333,1914.4425769536
2022-03-10,133.333,133.727,126.232,133.53,2219.6582632158
2022-03-11,134.122,136.686,128.204,130.769,2021.9271707868
2022-03-14,130.177,130.177,127.613,127.613,1301.9831932248
2022-03-15,128.204,128.204,117.356,123.865,6783.697478718
2022-03-16,125.246,127.81,125.246,125.246,937.955182035
2022-03-17,123.076,128.007,122.879,128.007,1349.6414565282
2022-03-18,126.232,126.232,121.301,125.049,1928.6386553844
2022-03-21,125.049,126.627,120.315,126.627,1474.3641455988
2022-03-22,126.429,129.191,126.429,128.204,419.7983193108
2022-03-23,128.402,132.938,128.204,129.191,625.6414565574
2022-03-24,129.191,132.149,128.402,131.952,231.1932773016
2022-03-25,131.163,132.149,129.191,131.755,417.7703081064
2022-03-28,132.149,136.291,132.149,134.122,1068.7619047188
2022-03-29,133.135,138.066,126.429,129.191,3981.9999998394
2022-03-30,129.782,134.91,129.388,134.91,947.0812324548
2022-03-31,131.163,133.135,128.796,132.346,792.9523809204
2022-04-01,132.346,133.135,130.966,133.135,523.2268907352
2022-04-04,133.135,139.052,133.135,137.869,2163.8879550948
2022-04-05,137.672,138.264,134.122,138.066,281.8935574116
2022-04-06,134.713,135.108,132.346,135.108,497.8767506802
2022-04-07,135.305,139.052,135.108,137.08,1443.9439775328
2022-04-08,138.066,143.786,138.066,142.997,3230.6218486092
2022-04-11,143.786,154.831,143.786,149.112,6073.893557178
2022-04-12,150.492,154.831,140.828,153.451,2976.106442457
2022-04-13,152.859,153.648,145.956,152.859,1034.285714244
2022-04-14,152.662,155.818,148.323,151.084,2064.5154060792
2022-04-19,151.281,153.254,145.956,145.956,1146.8403360882
2022-04-20,144.97,144.97,140.039,142.011,2525.8879550802
2022-04-21,140.236,143.786,137.08,142.011,1727.8655461488
2022-04-22,141.814,141.814,138.066,140.63,449.2044817746
2022-04-25,140.039,141.025,134.516,138.066,980.5434173274
2022-04-26,139.052,139.841,136.291,139.052,214.9691876664
2022-04-27,136.686,139.644,136.094,136.686,610.4313725244
2022-04-28,137.08,138.066,133.135,137.475,991.6974789516
2022-04-29,139.052,142.997,136.094,138.264,598.263305298
2022-05-02,138.066,140.236,138.066,138.066,759.4901960478
2022-05-04,138.066,138.066,136.291,136.291,523.2268907352
2022-05-05,138.066,140.039,136.291,137.277,1169.1484593366
2022-05-06,137.08,140.039,135.502,135.502,702.7058823246
2022-05-09,134.319,137.672,131.952,131.952,1082.9579831496
2022-05-10,131.952,133.727,126.232,126.824,1589.9607842496
2022-05-11,128.204,128.204,126.232,126.232,1370.9355741744
2022-05-12,128.204,129.782,124.26,125.838,1438.8739495218
2022-05-13,126.232,130.177,122.287,129.782,1549.4005601616
2022-05-16,132.544,140.039,129.388,133.727,1885.0364144898
2022-05-17,139.841,139.841,124.062,134.713,4668.4817925288
2022-05-18,136.094,136.094,128.993,132.149,603.333333309
2022-05-19,129.191,132.149,128.402,130.177,453.2605041834
2022-05-20,130.177,133.924,130.177,131.557,385.322128836
2022-05-23,133.53,133.53,132.149,132.149,119.6526610596
2022-05-24,133.135,134.91,132.149,134.713,679.383753474
2022-05-25,131.36,134.516,130.374,130.571,726.0280111752
2022-05-26,131.755,132.741,127.021,129.191,699.663865518
2022-05-27,129.782,132.544,128.204,132.544,252.4873949478
2022-05-30,129.782,132.149,129.782,130.177,59.8263305298
2022-05-31,131.163,132.149,130.177,130.966,428.9243697306
2022-06-01,130.374,133.135,124.851,127.415,1963.1148458592
2022-06-02,126.429,127.415,125.246,126.429,663.1596638388
2022-06-03,126.627,127.021,124.26,126.035,495.8487394758
2022-06-06,125.246,126.232,123.076,124.457,1190.4425769828
2022-06-07,125.049,125.049,121.301,123.668,1011.9775909956
2022-06-08,123.865,125.246,123.668,123.668,297.1036414446
2022-06-09,123.668,129.388,122.09,128.993,864.9467786766
2022-06-10,129.191,129.191,123.865,127.218,408.6442576866
2022-06-13,125.64,126.232,115.778,122.682,1139.7422968728
2022-06-14,122.682,124.26,114.99,119.329,1802.9019607116
2022-06-15,116.173,118.145,116.173,118.145,161.2268907498
2022-06-17,117.948,118.343,115.976,118.343,1338.487394904
2022-06-20,118.343,119.329,117.948,118.343,235.2492997104
2022-06-21,118.343,119.92,117.356,118.54,884.2128851184
2022-06-22,116.37,118.343,116.37,117.751,210.9131652576
2022-06-23,118.145,118.343,117.356,117.356,283.921568616
2022-06-24,118.343,119.131,117.356,117.356,408.6442576866
2022-06-27,118.343,119.131,116.765,117.356,841.624649826
2022-06-28,116.567,118.343,116.567,117.356,673.2997198608
2022-06-29,118.343,124.062,116.37,122.287,1416.5658262734
2022-06-30,124.654,124.654,122.287,122.287,482.6666666472
2022-07-01,121.301,121.301,97.0409,98.5202,16164.26330467
2022-07-04,96.8436,101.972,93.6878,100.394,6687.366946509
2022-07-05,97.0409,98.3229,81.8536,90.7293,11254.448178818
2022-07-06,88.7569,88.7569,83.826,85.7983,2234.8683472488
2022-07-07,84.5163,85.7983,82.8398,85.7983,2421.4453780536
2022-07-08,85.7983,87.968,83.826,87.6721,1240.1288514906
2022-07-11,86.7845,86.7845,82.3467,84.0232,2758.095237984
2022-07-12,83.826,83.826,82.2481,83.4315,983.585434134
2022-07-13,83.4315,83.826,79.2895,81.0646,1629.5070027354
2022-07-14,80.8674,80.8674,75.6406,75.9365,3116.0392155606
2022-07-15,75.7392,87.5735,75.1475,87.5735,3337.0924368402
2022-07-18,85.0094,92.7017,85.0094,90.4334,1623.4229691222
2022-07-19,90.7293,92.3072,86.7845,91.5182,1046.4537814704
2022-07-20,91.7155,91.7155,87.3762,88.8555,336.6498599304
2022-07-21,87.7707,87.7707,82.9384,86.8831,743.2661064126
2022-07-22,86.2914,86.7845,83.826,85.6997,705.7478991312
2022-07-25,85.6011,85.6997,83.2343,85.108,229.1652660972
2022-07-26,83.3329,85.0094,80.0785,82.5439,688.5098038938
2022-07-27,82.5439,83.5301,78.895,79.0923,1142.7843136794
2022-07-28,80.7688,84.6149,79.0923,84.4177,1023.1316526198
2022-07-29,84.4177,90.9265,81.2619,90.9265,1758.2857142148
2022-08-01,90.9265,90.9265,89.5459,90.1376,654.033613419
2022-08-02,90.9265,93.6878,90.9265,93.5892,576.9691876518
2022-08-03,93.6878,93.6878,86.3901,89.9403,519.1708683264
2022-08-04,90.2362,93.4906,90.1376,92.7017,215.9831932686
2022-08-05,91.1238,91.7155,89.9403,91.7155,314.341736682
2022-08-08,90.3348,93.2934,90.3348,93.2934,593.193277287
2022-08-09,93.2934,93.2934,90.532,92.7017,128.7787114794
2022-08-10,91.7155,92.5044,88.7569,90.7293,357.9439775766
2022-08-11,91.7155,93.6878,90.2362,93.0961,338.6778711348
2022-08-12,92.7017,93.1948,90.3348,92.8003,361.9999999854
2022-08-16,90.532,97.0409,88.7569,95.6602,1919.5126049646
2022-08-17,86.7845,88.3624,84.7135,85.4039,5533.4285712054
2022-08-18,86.7845,87.7707,85.4039,86.7845,1126.5602240442
2022-08-19,86.8831,86.8831,83.826,83.826,563.7871148232
2022-08-22,85.4039,85.4039,79.4867,81.8536,993.725490156
2022-08-23,82.6425,82.6425,79.684,79.9798,614.4873949332
2022-08-24,80.8674,81.0646,80.8674,81.0646,258.571428561
2022-08-25,81.6564,81.8536,78.895,79.3881,890.2969187316
2022-08-26,79.684,79.7826,78.5006,78.5992,518.1568627242
2022-08-29,77.9088,79.8812,74.9503,75.9365,1342.5434173128
2022-08-30,77.5144,77.7116,75.1475,76.0351,507.0028011
2022-08-31,76.0351,77.7116,75.9365,76.3309,534.3809523594
2022-09-01,76.4296,80.6702,74.9503,78.6978,1481.4621848142
2022-09-02,78.895,78.9936,76.5282,76.824,433.9943977416
2022-09-05,76.9227,78.6978,76.9227,77.9088,96.330532209
2022-09-06,77.9088,78.895,77.4157,78.4019,513.0868347132
2022-09-07,78.7964,79.8812,76.3309,79.8812,965.3333332944
2022-09-08,79.7826,80.8674,76.6268,77.9088,252.4873949478
2022-09-09,80.7688,80.8674,77.7116,78.9936,58.8123249276
2022-09-12,80.8674,80.8674,78.895,80.5715,254.5154061522
2022-09-13,80.5715,80.5715,77.2185,77.9088,340.7058823392
2022-09-14,77.1199,77.1199,75.4434,75.4434,360.9859943832
2022-09-15,75.4434,76.9227,75.2461,76.824,547.563025188
2022-09-16,76.9227,76.9227,73.8655,74.9503,675.3277310652
2022-09-19,74.0627,74.9503,73.9641,74.9503,159.1988795454
2022-09-20,74.8517,74.8517,70.611,71.5972,187.591036407
2022-09-21,71.1041,72.7807,71.0055,71.4,186.5770308048
2022-09-22,70.2,73.3,70,73,187
2022-09-23,72.1,72.3,70,70,233
2022-09-26,69,69,66.5,68,349
2022-09-27,67.7,67.7,65.2,66.7,357
2022-09-28,65.4,75,65.3,73.7,778
2022-09-29,73.5,73.5,67,70.1,566
2022-09-30,72,74,69.2,74,395
2022-10-03,70.4,73.8,70.4,73.7,241
2022-10-04,73.8,88.3,73.8,81.8,798
2022-10-05,79.5,80.9,79.5,80,102
2022-10-06,78,80,77.2,77.3,167
2022-10-07,79.8,79.8,79.8,79.8,8
2022-10-10,77.5,79.4,76.2,77.9,59
2022-10-11,77,77,73.2,74.5,137
2022-10-12,76.8,76.8,67.6,74.8,345
2022-10-13,74.7,74.7,73,73.2,52
2022-10-14,70.6,76.8,70,76.8,365
2022-10-17,76.5,76.5,73.1,73.1,65
2022-10-18,76.4,76.4,73.1,73.1,396
2022-10-19,73.3,73.3,70.1,72.5,147
2022-10-20,70.3,73.1,70,72.5,227
2022-10-21,73,73,70.1,71.8,288
2022-10-24,71.8,71.9,71,71.9,317
2022-10-25,71.9,74.5,71,74.5,92
2022-10-26,74.5,74.5,72.3,74.5,182
2022-10-27,75.5,76.5,75,76,89
2022-10-28,76,76.5,73.1,73.1,306
2022-10-31,75,75,73.6,74,509
2022-11-02,74,75.2,74,75.1,223
2022-11-03,75.1,75.1,73.1,73.1,84
2022-11-04,74,78.3,74,76.3,368
2022-11-07,76.4,84,76.4,84,997
2022-11-08,83,87.7,81.4,86.6,750
2022-11-09,86.7,86.7,80,82,1144
2022-11-10,82.9,86.5,81.6,84.2,598
2022-11-14,86,88.1,80,81,1006
2022-11-15,79.7,81,74.8,77.8,862
2022-11-16,79.5,85,79.5,83.4,290
2022-11-17,83.2,83.3,78,82.4,459
2022-11-18,81.8,83.4,81,82.8,87
2022-11-21,80.1,82.7,79.9,82.7,276
2022-11-22,82.8,82.8,80,80.5,163
2022-11-23,81,81.9,81,81.2,82
2022-11-24,82.4,82.4,80.7,82.3,92
2022-11-25,82.4,82.9,80.7,81,198
2022-11-28,80.4,81.7,79.3,79.3,207
2022-11-29,79.6,81.3,78.6,79.3,715
2022-11-30,79.2,79.3,75.6,78,446
2022-12-01,79.1,81.5,78,81.5,918
2022-12-02,81.5,83.4,80.4,80.5,221
2022-12-05,82,82,79.8,79.8,524
2022-12-06,80.5,80.6,79.8,80,146
2022-12-07,80,80,79,79,209
2022-12-08,80.6,80.6,79,79,110
2022-12-09,79.8,79.8,78,78,359
2022-12-12,80,80.6,79.1,80.1,301
2022-12-13,80.1,82,79.1,81.9,918
2022-12-14,81.9,84,81.2,82,280
2022-12-15,83.4,83.4,79.1,80.8,920
2022-12-16,79.2,81.4,78.2,78.6,607
2022-12-19,78.6,78.6,78.6,78.6,72
2022-12-20,79,79.4,77.4,79.4,417
2022-12-21,79.4,81,77.4,79,643
2022-12-22,78.9,79.2,77.4,77.4,313
2022-12-23,77.4,81,76,77,1121
2022-12-27,78,78.8,76.4,76.4,1272
2022-12-28,75.1,77.9,74.5,74.7,1206
2022-12-29,74.8,77.5,74.5,75.5,115
2022-12-30,75.5,76.9,75.3,75.3,566
2023-01-02,78,79.6,76,79.2,189
2023-01-03,80,83.8,79.2,80.1,422
2023-01-04,81.3,85.9,81.3,85.7,2134
2023-01-05,85.8,86.2,83.2,84.2,869
2023-01-09,85.8,87.3,84.8,85.7,2589
2023-01-10,87.2,89.9,86,89,1637
2023-01-11,89.9,94,89,92,1520
2023-01-12,93.5,94.2,91,92.3,1055
2023-01-13,92.3,92.4,91,91.1,500
2023-01-16,91.1,92.4,91.1,92.4,861
2023-01-17,92,92,90,91.6,1380
2023-01-18,91.5,91.5,89,90.9,500
2023-01-19,91.7,91.9,88.5,91,179
2023-01-20,91,91,90.4,90.4,379
2023-01-23,91.5,91.5,88.6,91,256
2023-01-24,89.2,90.7,89,90.4,97
2023-01-25,90.4,90.4,86.2,86.5,569
2023-01-26,89.9,90.4,89,89.4,159
2023-01-27,89.2,90.4,88,88,602
2023-01-30,88,89.3,88,89.3,188
2023-01-31,87.6,89.8,87.5,89.8,317
2023-02-01,87.8,88.5,87,88.5,283
2023-02-02,88.5,90,85,88.4,876
2023-02-03,88.3,88.3,85.4,87,355
2023-02-06,87,87,84.1,84.1,859
2023-02-07,84.1,86.9,84.1,85,346
2023-02-08,85,86,85,85,395
2023-02-09,85.2,86,85,85,281
2023-02-10,85.5,85.5,83.4,85.5,380
2023-02-13,84,84,83.5,84,211
2023-02-14,83.3,85.7,83,83,134
2023-02-16,83.1,85.8,83.1,84.5,330
2023-02-17,84.6,86,84.6,85.1,350
2023-02-20,85.5,89.7,85.5,85.5,633
2023-02-21,85.5,88,85,85,464
2023-02-22,85.2,87.7,84.9,86.9,339
2023-02-23,84,86.9,84,86.9,33
2023-02-24,85.5,85.5,84.2,85,136
2023-02-27,86,86,83,83,101
2023-02-28,85,85,81.2,84.8,409
2023-03-01,84,86,83.1,84,155
2023-03-02,84,84,83.4,83.5,149
2023-03-03,84.5,84.5,83,83,27
2023-03-06,83,85,81,84.1,623
2023-03-07,83,84.9,83,83.4,107
2023-03-08,83,84,83,83.2,183
2023-03-09,83.2,84.5,83.2,84.5,10
2023-03-10,83.6,84.8,82.7,84.8,231
2023-03-13,83,91.8,82.7,90.8,2207
2023-03-14,91,92,87.5,92,2223
2023-03-15,89,92,87.6,92,1160
2023-03-16,90.2,93.9,90.1,93.2,1674
2023-03-17,93.2,95.2,92.5,93.3,930
2023-03-20,97.3,103,95,99.5,4845
2023-03-21,94,95,80.1,81,11000
2023-03-22,82.3,82.3,73.3,75.5,6373
2023-03-23,76.8,77.5,74.1,75.9,2983
2023-03-24,74.5,79.7,74.5,78.9,1954
2023-03-27,78.9,79,74.6,76.3,1049
2023-03-28,76.3,76.6,73.8,75.3,1551
2023-03-29,74,75.4,74,74.1,502
2023-03-30,74.2,75.4,74.1,75.4,353
2023-03-31,75.3,76.4,74.2,76.4,875
2023-04-03,78.4,78.4,75,77.4,278
2023-04-04,77,83,75.3,78.6,1373
2023-04-05,80.1,81.5,78,78,1511
2023-04-06,78.4,79.9,76.3,76.3,594
2023-04-11,77,78,75.7,76.5,205
2023-04-12,76.5,77.9,75,77.2,372
2023-04-13,76.1,77.5,75.2,75.2,1506
2023-04-14,75.2,77,75.2,76.6,357
2023-04-17,75.2,76.4,75.1,76.4,485
2023-04-18,76.4,78.4,75.2,78.4,467
2023-04-19,76.7,78.4,75.6,76.1,510
2023-04-20,77,77,75.2,76.2,272
2023-04-21,76.2,76.8,74.6,75,614
2023-04-24,76,76,71.2,73,1597
2023-04-25,73,73.6,71.8,71.8,332
2023-04-26,71,73.6,70,72,1066
2023-04-27,72.4,73.4,71,72.2,298
2023-04-28,71.2,73.2,71.2,73.2,503
2023-05-02,73.4,73.4,71.6,71.6,259
2023-05-04,72.6,73,71.4,73,328
2023-05-05,73,84.2,72.6,75.6,1774
2023-05-08,76,77,75,75,838
2023-05-09,75,75,73.8,73.8,223
2023-05-10,72.8,74,72.6,73,485
2023-05-11,70.6,70.8,66.2,69.6,6697
2023-05-12,68,68,66,67,1511
2023-05-15,68.6,68.6,67,67,147
2023-05-16,66.4,67.8,65.4,67.2,373
2023-05-17,67.2,67.4,66.6,67.2,86
2023-05-18,67.2,67.4,64,64,2369
2023-05-19,63.8,65.4,63.8,65.2,337
2023-05-22,64,67,64,65,352
2023-05-23,64.4,66,64,64,534
2023-05-24,63.8,65,62,62,587
2023-05-25,62.2,63.4,59.4,60.8,682
2023-05-26,61.4,64.6,61,63.8,795
2023-05-29,63.8,64,62,64,452
2023-05-30,64,64.6,62.4,63.8,262
2023-05-31,63.8,63.8,62.4,62.4,160
2023-06-01,63.8,66.2,63.4,63.4,282
2023-06-02,65.6,65.6,63,65.4,115
2023-06-05,65.4,66,63.4,65,1096
2023-06-06,65,65.4,64.6,64.6,298
2023-06-07,64.6,65.6,64.4,64.6,395
2023-06-09,64.8,72,64.8,71.4,1690
2023-06-12,68.6,72.2,68.6,71,712
2023-06-13,71.8,73.6,70,72,1243
2023-06-14,71.6,72.4,70,72,514
2023-06-15,71.6,72.4,70.2,71.8,1043
2023-06-16,72,74.4,72,73.2,363
